country_area_or_territory,iso3,year,sdg_region,income_groupings,population_thousands,rural_at_least_basic,rural_limited_more_than_30_mins,rural_unimproved,rural_surface_water,rural_annual_rate_of_change_in_at_least_basic,rural_safely_managed,rural_accessible_on_premises,rural_available_when_needed,rural_free_from_contamination,rural_annual_rate_of_change_in_safely_managed,rural_piped,rural_non_piped,urban_at_least_basic,urban_limited_more_than_30_mins,urban_unimproved,urban_surface_water,urban_annual_rate_of_change_in_at_least_basic,urban_safely_managed,urban_accessible_on_premises,urban_available_when_needed,urban_free_from_contamination,urban_annual_rate_of_change_in_safely_managed,urban_piped,urban_non_piped
Angola,AGO,2000,Sub-Saharan Africa,Lower middle income,16194.869,16.8885020977939,9.8750975261384468,19.613494733329389,53.62290564273826,0.83437764644622803,-,3.774304520645511,19.888922554471499,-,-,10.958072278797991,15.80552734513436,58.723179612711732,25.11170112645166,7.616682052990086,8.5484372078465185,0.95849132537841797,-,31.51190527316518,35.476502892504612,-,-,37.919082717028232,45.915798022135156
Angola,AGO,2001,Sub-Saharan Africa,Lower middle income,16747.208,16.8885020977939,9.8750975261384468,19.613494733329389,53.62290564273826,0.83437764644622803,-,3.774304520645511,19.888922554471499,-,-,10.958072278797991,15.80552734513436,58.723179612711732,25.11170112645166,7.616682052990086,8.5484372078465185,0.95849132537841797,-,31.51190527316518,35.476502892504612,-,-,37.919082717028232,45.915798022135156
Angola,AGO,2002,Sub-Saharan Africa,Lower middle income,17327.699,16.8885020977939,9.8750975261384468,19.613494733329389,53.62290564273826,0.83437764644622803,-,3.774304520645511,19.888922554471499,-,-,10.958072278797991,15.80552734513436,58.723179612711732,25.11170112645166,7.616682052990086,8.5484372078465185,0.95849132537841797,-,31.51190527316518,35.476502892504612,-,-,37.919082717028232,45.915798022135156
Angola,AGO,2003,Sub-Saharan Africa,Lower middle income,17943.712,17.74191856384471,10.083999961694079,19.86799394524542,52.306087529215802,0.83437764644622803,-,3.924116768961877,20.678367123179971,-,-,10.97830669449081,16.847611831047971,59.972497355381734,24.23207785153944,7.6060932154493912,8.1893315776294457,0.95849132537841797,-,31.65086625152265,35.632946925574288,-,-,38.864891828046673,45.339683378874497
Angola,AGO,2004,Sub-Saharan Africa,Lower middle income,18600.423,18.60931301420565,10.27892441293911,20.122493157161902,50.989269415693343,0.83437764644622803,-,4.0739290172781768,21.467811691888109,-,-,10.998541110183631,17.889696316961128,61.230511320622703,23.343758354056231,7.5955043779085827,7.8302259474124867,0.95849132537841797,-,31.789827229880121,35.789390958643978,-,-,39.8107009390651,44.763568735613831
Angola,AGO,2005,Sub-Saharan Africa,Lower middle income,19291.161,19.490685448877091,10.459870879873639,20.376992369078831,49.67245130217043,0.83437764644622803,-,4.2237412655944784,22.25725626059624,-,-,11.01877552587646,18.931780802874279,62.497221508434627,22.44674263400206,7.5849155403678878,7.4711203171954139,0.95849132537841797,-,31.928788208237592,35.945834991713681,-,-,40.756510050083307,44.187454092353391
Angola,AGO,2006,Sub-Saharan Africa,Lower middle income,20015.279,20.386035867859331,10.62683936249784,20.631491580994862,48.355633188647971,0.83437764644622803,-,4.373553513910843,23.046700829304719,-,-,11.03900994156928,19.973865288787891,63.772627918817541,21.541030691376921,7.5743267028270793,7.1120146869784548,0.95849132537841797,-,32.067749186595059,36.102279024783371,-,-,41.702319161101741,43.611339449092718
Angola,AGO,2007,Sub-Saharan Africa,Lower middle income,20778.561,21.295364271151829,10.77982986081131,20.88599079291134,47.038815075125513,0.83437764644622803,-,4.5233657622271437,23.836145398012849,-,-,11.0592443572621,21.015949774701049,65.056730551771338,20.626622526180778,7.5637378652864982,6.7529090567613821,0.95849132537841797,-,32.20671016495249,36.258723057853011,-,-,42.648128272120182,43.035224805831938
Angola,AGO,2008,Sub-Saharan Africa,Lower middle income,21578.655,22.21867065875476,10.918842374814361,21.140490004827829,45.721996961603047,0.83437764644622803,-,4.6731780105434453,24.62558996672098,-,-,11.07947877295492,22.0580342606142,66.349529407296203,19.703518138413681,7.5531490277458033,6.3938034265443093,0.95849132537841797,-,32.345671143309957,36.415167090922708,-,-,43.593937383138382,42.459110162571513
Angola,AGO,2009,Sub-Saharan Africa,Lower middle income,22414.773,23.15595503066849,11.04387690450706,21.394989216743848,44.405178848080602,0.83437764644622803,-,4.8229902588598099,25.415034535429459,-,-,11.09971318864774,23.100118746527809,67.651024485392014,18.771717528075641,7.5425601902049948,6.0346977963273503,0.95849132537841797,-,32.484632121667431,36.571611123992398,-,-,44.539746494156823,41.882995519310839
Angola,AGO,2010,Sub-Saharan Africa,Lower middle income,23294.825,24.10721738689249,11.15493344988904,21.64948842866033,43.088360734558137,0.83437764644622803,-,4.9728025071761106,26.20447910413759,-,-,11.11994760434056,24.14220323244097,68.961215786058816,17.831220695166611,7.5319713526643,5.6755921661102784,0.95849132537841797,-,32.623593100024898,36.728055157062087,-,-,45.48555560517525,41.306880876050172
Angola,AGO,2011,Sub-Saharan Africa,Lower middle income,24218.352,25.072457727426912,11.252012010960589,21.90398764057727,41.771542621035223,0.83437764644622803,-,5.1226147554924122,26.993923672845732,-,-,11.140182020033381,25.184287718354131,70.280103309296578,16.882027639686608,7.5213825151234914,5.3164865358933184,0.95849132537841797,-,32.762554078382372,36.884499190131777,-,-,46.431364716193457,40.730766232789733
Angola,AGO,2012,Sub-Saharan Africa,Lower middle income,25177.394,26.051676052272139,11.335112587721801,22.158486852493301,40.454724507512758,0.83437764644622803,-,5.2724270038087777,27.7833682415542,-,-,11.16041643572621,26.226372204267729,71.607687055105728,15.924138361635229,7.5107936775827966,4.9573809056762457,0.95849132537841797,-,32.901515056739839,37.040943223201481,-,-,47.377173827211891,40.154651589529067
Angola,AGO,2013,Sub-Saharan Africa,Lower middle income,26165.62,27.044872361427629,11.404235180172281,22.412986064409779,39.137906393990313,0.83437764644622803,-,5.4222392521250784,28.572812810262342,-,-,11.180650851419021,27.268456690180891,72.943967023485442,14.95755286101328,7.5002048400421018,4.5982752754591729,0.95849132537841797,-,33.040476035097313,37.19738725627117,-,-,48.322982938230332,39.5785369462684
Angola,AGO,2014,Sub-Saharan Africa,Lower middle income,27160.769,28.052046654893861,11.459379788312489,22.667485276325809,37.821088280467848,0.83437764644622803,-,5.5720515004414439,29.36225737897081,-,-,11.20088526711184,28.3105411760945,74.288943214436117,13.98227113782038,7.4896160025012932,4.2391696452422138,0.95849132537841797,-,33.17943701345478,37.35383128934086,-,-,49.268792049248759,39.002422303007727
Angola,AGO,2015,Sub-Saharan Africa,Lower middle income,28157.798,29.073198932670259,11.500546412142061,22.921984488242291,36.504270166945389,0.83437764644622803,-,5.7218637487577437,27.678252722488061,-,-,11.22111968280467,29.35262566200765,75.642615627957781,12.998293192056479,7.4790271649605984,3.8800640150251411,0.95849132537841797,-,33.318397991812247,37.434214035900602,-,-,50.214601160266973,38.426307659747287
Angola,AGO,2016,Sub-Saharan Africa,Lower middle income,29183.07,30.108329194757161,11.527735051661139,23.176483700158769,35.18745205342293,0.83437764644622803,-,5.8716759970740453,25.864726285763581,-,-,11.24135409849749,30.394710147920811,77.004984264050407,12.00561902372162,7.4684383274197899,3.520958384808182,0.95849132537841797,-,33.457358970169722,37.513962325137882,-,-,51.1604102712854,37.850193016486628
Angola,AGO,2017,Sub-Saharan Africa,Lower middle income,30234.839,31.157437441154979,11.54094570686976,23.430982912075251,33.870633939900017,0.83437764644622803,-,6.0214882453904099,23.921678068796879,-,-,11.26158851419031,31.43679463383442,78.376049122714008,11.00424863281579,7.457849489879095,3.1618527545911088,0.95849132537841797,-,33.596319948527189,37.593076157052778,-,-,52.106219382303827,37.274078373225962
Angola,AGO,2018,Sub-Saharan Africa,Lower middle income,31297.155,32.220523671862857,11.540178377767839,23.685482123991729,32.553815826377559,0.83437764644622803,-,6.1713004937067106,21.849108071586649,-,-,11.281822929883131,32.478879119747567,79.755810203948585,9.9941820193389788,7.4472606523384002,2.8027471243740369,0.95849132537841797,-,33.735280926884663,37.67155553164524,-,-,53.052028493322041,36.697963729965522
Angola,AGO,2019,Sub-Saharan Africa,Lower middle income,32375.632,33.002697396531239,11.82032355470545,23.939981335908211,31.2369977128551,0.83437764644622803,-,6.3211127420230122,19.64701629413473,-,-,11.30205734557595,33.520963605660732,80.08433704917195,10.035349641873379,7.4366718147975917,2.443641494157077,0.95849132537841797,-,33.87424190524213,37.749400448915303,-,-,53.997837604340482,36.121849086704863
Angola,AGO,2020,Sub-Saharan Africa,Lower middle income,33451.132,33.784871121199963,12.10046873164316,24.194480547824242,29.920179599332641,0.83437764644622803,-,6.4709249903393768,17.315402736439701,-,-,11.322291761268771,34.563048091574338,80.412863894395315,10.07651726440778,7.4260829772568968,2.0845358639400051,0.95849132537841797,-,34.013202883599597,37.826610908862918,-,-,54.943646715358909,35.545734443444189
Angola,AGO,2021,Sub-Saharan Africa,Lower middle income,34532.429,34.567044845868331,12.380613908580759,24.44897975974072,28.603361485810179,0.83437764644622803,-,6.6207372386556784,14.85426739850281,-,-,11.3425261769616,35.605132577487502,80.74139073961868,10.11768488694219,7.415494139716202,1.7254302337229319,0.95849132537841797,-,34.152163861957078,37.903186911488163,-,-,55.889455826377123,34.96961980018375
Angola,AGO,2022,Sub-Saharan Africa,Lower middle income,35635.029,35.349218570536713,12.660759085518359,24.703478971657201,27.286543372287721,0.83437764644622803,-,6.7705494869719791,12.263610280322601,-,-,11.36276059265442,36.647217063400653,81.069917584842045,10.15885250947659,7.4049053021753926,1.3663246035059731,0.95849132537841797,-,34.291124840314552,37.979128456790939,-,-,56.83526493739555,34.393505156923077
Angola,AGO,2023,Sub-Saharan Africa,Lower middle income,36749.906,36.131392295205423,12.94090426245609,24.95797818357369,25.969725258764811,0.83437764644622803,-,6.9203617352883446,9.54343138190087,-,-,11.38299500834724,37.689301549314273,81.398444430065311,10.20002013201098,7.3943164646348123,1.0072189732889001,0.95849132537841797,-,34.430085818671969,38.054435544771287,-,-,57.781074048413977,33.817390513662303
Angola,AGO,2024,Sub-Saharan Africa,Lower middle income,37885.849,36.913566019873798,13.221049439393679,25.212477395490168,24.652907145242349,0.83437764644622803,-,7.0701739836046462,6.6937307032365627,-,-,11.40322942404006,38.731386035227423,81.726971275288676,10.241187754545381,7.3837276270940038,<1,0.95849132537841797,-,34.569046797029443,38.129108175429238,-,-,58.726883159432191,33.241275870401857
Brazil,BRA,2000,Latin America and the Caribbean,Upper middle income,174018.282,73.606366679314718,2.366666340823528,20.88814141983153,3.1388255600302268,1.0997346639633179,47.679283207976589,47.679283207976589,58.739760824901893,52.52824840574538,1.0815352201461792,51.10138859902554,24.871644421112709,98.159650274089131,<1,1.3067832355187721,<1,7.6681241393089294E-2,82.295017378239123,93.468053861700184,87.666584431686189,82.295017378239123,0.34873542189598083,94.781275456912795,3.5782216433847371
Brazil,BRA,2001,Latin America and the Caribbean,Upper middle income,176301.203,74.583312000637122,2.398078074795833,19.879784364536821,3.1388255600302268,1.0997346639633179,49.660740564577267,49.660740564577267,59.519388146591318,53.225433022136393,1.0815352201461792,52.925009996231893,24.056380079201059,98.234022666263172,<1,1.232259425868286,<1,7.6681241393089294E-2,82.357369651187668,93.817399146647304,87.733006567255188,82.357369651187668,0.34873542189598083,95.040142870199361,3.3938780397486572
Brazil,BRA,2002,Latin America and the Caribbean,Upper middle income,178503.484,75.560257321959298,2.4294898087681389,18.42722381395799,3.5830290553145692,1.0997346639633179,51.677528577856513,51.677528577856513,60.299015468280579,53.922617638527242,1.0815352201461792,54.7486313934387,23.241115737288741,98.308395058437213,<1,1.171880213453701,<1,7.6681241393089294E-2,82.419721924136212,94.16716617470604,87.799428702824201,82.419721924136212,0.34873542189598083,95.299010283485927,3.2095344361125768
Brazil,BRA,2003,Latin America and the Caribbean,Upper middle income,180622.688,76.537202643281475,2.4609015427404439,16.974663263379171,4.0272325505989102,1.0997346639633179,53.729647247814484,53.729647247814484,61.078642789969848,54.619802254918092,1.0815352201461792,56.572252790645052,22.425851395376871,98.382767450611254,<1,1.111501001039116,<1,7.6681241393089294E-2,82.482074197084756,94.51735494587642,87.8658508383932,82.482074197084756,0.34873542189598083,95.557877696772493,3.0251908324764969
Brazil,BRA,2004,Latin America and the Caribbean,Upper middle income,182675.143,77.514147964603879,2.4923132767127498,15.52210271280012,4.4714360458832516,1.0997346639633179,55.316986871309098,55.817096574451313,61.85827011165928,55.316986871309098,1.0815352201461792,58.395874187851398,21.61058705346522,98.457139842785253,<1,1.0511217886245601,<1,7.6681241393089294E-2,82.544426470033272,94.867965460158402,87.932272973962185,82.544426470033272,0.34873542189598083,95.81674511005906,2.840847228840389
Brazil,BRA,2005,Latin America and the Caribbean,Upper middle income,184688.101,78.49109328592607,2.5237250106850411,14.0695421622213,4.9156395411675931,1.0997346639633179,56.014171487699947,57.939876557766702,62.637897433348549,56.014171487699947,1.0815352201461792,60.219495585057757,20.79532271155335,98.531512234959294,<1,<1,<1,7.6681241393089294E-2,82.606778742981817,95.218997717552043,87.998695109531198,82.606778742981817,0.34873542189598083,96.075612523345626,2.656503625204309
Brazil,BRA,2006,Latin America and the Caribbean,Upper middle income,186653.106,79.468038607248246,2.555136744657347,12.616981611642469,5.3598430364519336,1.0997346639633179,56.711356104090797,60.097987197760823,63.41752475503781,56.711356104090797,1.0815352201461792,62.04311698226411,19.98005836964148,98.605884627133335,<1,<1,<1,7.6681241393089294E-2,82.669131015930375,95.570451718057328,88.065117245100211,82.669131015930375,0.34873542189598083,96.334479936632192,2.4721600215682291
Brazil,BRA,2007,Latin America and the Caribbean,Upper middle income,188552.32,80.44498392857065,2.586548478629652,11.16442106106342,5.8040465317362759,1.0997346639633179,57.408540720481803,62.291428494433802,64.197152076727249,57.408540720481803,1.0815352201461792,63.866738379470917,19.164794027729389,98.680257019307348,<1,<1,<1,7.6681241393089294E-2,82.731483288878891,95.922327461674186,88.131539380669182,82.731483288878891,0.34873542189598083,96.593347349918758,2.2878164179321199
Brazil,BRA,2008,Latin America and the Caribbean,Upper middle income,190367.302,81.421929249892827,2.617960212601957,9.7118605104845983,6.2482500270206174,1.0997346639633179,58.105725336872659,64.520200447785342,64.976779398416511,58.105725336872659,1.0815352201461792,65.690359776677269,18.349529685817519,98.754629411481389,<1,<1,<1,7.6681241393089294E-2,82.793835561827436,96.274624948402717,88.19796151623818,82.793835561827436,0.34873542189598083,96.852214763205211,2.1034728142961541
Brazil,BRA,2009,Latin America and the Caribbean,Upper middle income,192079.951,82.398874571215018,2.6493719465742491,8.2592999599057748,6.6924535223049588,1.0997346639633179,58.802909953263502,66.784303057815578,65.756406720105758,58.802909953263502,1.0815352201461792,67.513981173883622,17.534265343905641,98.829001803655416,<1,<1,<1,7.6681241393089294E-2,82.85618783477598,96.627344178243007,88.264383651807208,82.85618783477598,0.34873542189598083,97.111082176491777,1.9191292106600739
Brazil,BRA,2010,Latin America and the Caribbean,Upper middle income,193701.929,83.375819892537194,2.6807836805465541,6.8067394093269513,7.1366570175893003,1.0997346639633179,59.500094569654351,69.083736324524551,66.53603404179502,59.500094569654351,1.0815352201461792,69.337602571089974,16.719001001993771,98.903374195829457,<1,<1,<1,7.6681241393089294E-2,82.918540107724525,96.980485151194813,88.330805787376207,82.918540107724525,0.34873542189598083,97.369949589778344,1.734785607023994
Brazil,BRA,2011,Latin America and the Caribbean,Upper middle income,195284.734,84.352765213859598,2.71219541451886,5.3541788587478996,7.5808605128736417,1.0997346639633179,60.197279186045357,71.418500247912419,67.315661363484466,60.197279186045357,1.0815352201461792,71.161223968296326,15.90373666008213,98.97774658800347,<1,<1,<1,7.6681241393089294E-2,82.980892380673041,97.334047867258207,88.397227922945177,82.980892380673041,0.34873542189598083,97.62881700306491,1.5504420033878861
Brazil,BRA,2012,Latin America and the Caribbean,Upper middle income,196876.111,85.329710535181775,2.743607148491165,3.9016183081689628,8.0250640081580968,1.0997346639633179,60.894463802436213,73.788594827979196,68.095288685173728,60.894463802436213,1.0815352201461792,72.984845365503134,15.08847231816981,>99,<1,<1,<1,7.6681241393089294E-2,83.043244653621585,97.688032326433273,88.46365005851419,83.043244653621585,0.34873542189598083,97.887684416351476,1.3660983997518059
Brazil,BRA,2013,Latin America and the Caribbean,Upper middle income,198478.299,86.306655856503951,2.7750188824634709,2.8932612528744812,8.0250640081580968,1.0997346639633179,61.92536917971654,76.194020064724313,68.874916006862989,61.92536917971654,1.0815352201461792,74.808466762709486,14.27320797625794,>99,<1,<1,<1,7.6681241393089294E-2,83.684770436639653,98.04243852871997,88.530072194083203,83.684770436639653,0.34873542189598083,98.146551829638042,1.181754796115726
Brazil,BRA,2014,Latin America and the Caribbean,Upper middle income,200085.127,87.283601177826355,2.806430616435776,1.884904197579772,8.0250640081580968,1.0997346639633179,62.963829639110664,78.634775958148339,69.654543328552421,62.963829639110664,1.0815352201461792,76.632088159915838,13.457943634346289,>99,<1,<1,<1,7.6681241393089294E-2,84.32716530155156,98.397266474118254,88.596494329652174,84.32716530155156,0.34873542189598083,98.405419242924609,<1
Brazil,BRA,2015,Latin America and the Caribbean,Upper middle income,201675.532,88.260546499148546,2.8378423504080672,<1,8.0250640081580968,1.0997346639633179,64.00984518061847,81.110862508250875,72.324046013105715,64.00984518061847,1.0815352201461792,78.455709557122191,12.642679292434419,>99,<1,<1,<1,7.6681241393089294E-2,84.970429248357618,98.752516162628226,89.647825895398185,84.970429248357618,0.34873542189598083,98.664286656211061,<1
Brazil,BRA,2016,Latin America and the Caribbean,Upper middle income,203218.114,89.120022795949609,2.8654771015055802,<1,8.0145001025448117,1.0997346639633179,64.977768663888838,83.512202353757587,74.936612417951821,64.977768663888838,1.0815352201461792,80.279330954328998,11.70616894312619,>99,<1,<1,<1,7.6681241393089294E-2,85.614562277057317,>99,90.700633157868424,85.614562277057317,0.34873542189598083,98.923154069497627,<1
Brazil,BRA,2017,Latin America and the Caribbean,Upper middle income,204703.445,90.214437141793127,2.9006658183526781,6.8848970398541951,-,1.0997346639633179,66.124541509975359,86.169027578492319,77.788564194009709,66.124541509975359,1.0815352201461792,82.10295235153535,11.012150608610449,>99,<1,<1,<1,7.6681241393089294E-2,86.259564387650883,>99,91.754916117062905,86.259564387650883,0.34873542189598083,>99,<1
Brazil,BRA,2018,Latin America and the Caribbean,Upper middle income,206107.261,91.191382463115303,2.932077552324984,5.876539984559713,-,1.0997346639633179,67.193222297824391,88.751106098630999,80.583579690359372,67.193222297824391,1.0815352201461792,83.926573748741703,10.196886266698581,>99,<1,<1,<1,7.6681241393089294E-2,86.905435580138317,>99,92.810674772981358,86.905435580138317,0.34873542189598083,>99,<1
Brazil,BRA,2019,Latin America and the Caribbean,Upper middle income,207455.459,92.168327784437494,2.9634892862972748,4.868182929265231,-,1.0997346639633179,68.269458167787164,91.368515275448402,83.420432790642039,68.269458167787164,1.0815352201461792,85.750195145948055,9.3816219247867139,>99,<1,<1,<1,7.6681241393089294E-2,87.552175854519646,>99,93.867909125624308,87.552175854519646,0.34873542189598083,>99,<1
Brazil,BRA,2020,Latin America and the Caribbean,Upper middle income,208660.842,94.021255108944729,2.1189190170847501,3.859825873970522,-,1.0997346639633179,69.353249119863719,94.021255108944729,86.299123494856175,69.353249119863719,1.0815352201461792,87.573816543154408,8.5663575828750709,>99,<1,<1,<1,7.6681241393089294E-2,88.175005928601806,>99,94.899950022923036,88.175005928601806,0.34873542189598083,>99,<1
Brazil,BRA,2021,Latin America and the Caribbean,Upper middle income,209550.294,96.709325599119566,<1,2.85146881867604,-,1.0997346639633179,70.444595154053957,96.709325599119566,89.219651803002236,70.444595154053957,1.0815352201461792,89.397437940361215,7.7510932409627458,>99,<1,<1,<1,7.6681241393089294E-2,88.757175534663403,>99,95.888398304015368,88.757175534663403,0.34873542189598083,>99,<1
Brazil,BRA,2022,Latin America and the Caribbean,Upper middle income,210306.415,98.156888236618443,<1,1.843111763381557,-,1.0997346639633179,71.543496270357949,98.156888236618443,92.18201771508042,71.543496270357949,1.0815352201461792,91.221059337567567,6.9358288990508754,>99,<1,<1,<1,7.6681241393089294E-2,89.3393465102546,>99,96.87684901888926,89.3393465102546,0.34873542189598083,>99,<1
Brazil,BRA,2023,Latin America and the Caribbean,Upper middle income,211140.729,>99,<1,<1,-,1.0997346639633179,72.649952468775709,>99,95.186221231091849,72.649952468775709,1.0815352201461792,93.04468073477392,6.1205645571392324,>99,<1,<1,<1,7.6681241393089294E-2,90.081577524987097,>99,98.039500624999846,90.081577524987097,0.34873542189598083,>99,<1
Brazil,BRA,2024,Latin America and the Caribbean,Upper middle income,211998.573,>99,<1,<1,-,1.0997346639633179,73.636129699755543,>99,98.062024374999964,73.636129699755543,1.0815352201461792,94.868302131980272,5.131697868019728,>99,<1,<1,<1,7.6681241393089294E-2,90.664667612540597,>99,>99,90.664667612540597,0.34873542189598083,>99,<1
Cabo Verde,CPV,2000,Sub-Saharan Africa,Lower middle income,453.317,69.009329026986705,16.39825640245229,13.74017806325533,<1,0.71679621934890747,-,52.355806908539911,55.303652292178519,-,-,63.447219338906848,21.960366090532151,88.39443317892615,6.5512522979010868,5.0056140712710562,<1,0.27863681316375732,-,69.782669114612105,53.914885143892853,-,-,81.155586847216227,13.790098629611011
Cabo Verde,CPV,2001,Sub-Saharan Africa,Lower middle income,460.293,69.291729731030586,16.465361520244901,13.426432532938421,<1,0.71679621934890747,-,53.663960482445383,55.831148479798522,-,-,63.980025440281111,21.777065810994369,88.39443317892615,6.5512522979010868,5.0056140712710562,<1,0.27863681316375732,-,70.636557399184511,54.92808955116017,-,-,81.720049291508531,13.225636185318709
Cabo Verde,CPV,2002,Sub-Saharan Africa,Lower middle income,467.046,69.574130435074466,16.532466638037501,13.112687002621509,<1,0.71679621934890747,-,54.981030527693271,56.361099621530343,-,-,64.512831541655373,21.593765531456601,88.39443317892615,6.5512522979010868,5.0056140712710562,<1,0.27863681316375732,-,71.490445683757144,55.941293958427053,-,-,82.284511735800834,12.661173741026399
Cabo Verde,CPV,2003,Sub-Saharan Africa,Lower middle income,473.383,69.856531139118346,16.599571755830109,12.79894147230462,<1,0.71679621934890747,-,56.307017044283597,56.89350571737409,-,-,65.045637643029636,21.410465251918819,88.39443317892615,6.5512522979010868,5.0056140712710562,<1,0.27863681316375732,-,72.344333968329565,56.954498365694363,-,-,82.848974180093137,12.0967112967341
Cabo Verde,CPV,2004,Sub-Saharan Africa,Lower middle income,479.37,70.138931843162226,16.66667687362272,12.48519594198771,<1,0.71679621934890747,-,57.641920032216333,57.428366767329557,-,-,65.578443744404126,21.22716497238082,88.647413012806837,6.5700016088976128,4.7366326172598932,<1,0.27863681316375732,-,73.407711396504922,58.13360303715892,-,-,83.41343662438544,11.803977997319009
Cabo Verde,CPV,2005,Sub-Saharan Africa,Lower middle income,485.115,70.421332547206021,16.733781991415299,12.17145041167092,<1,0.71679621934890747,-,58.985739491491429,57.965682771396771,-,-,66.111249845778389,21.043864692842931,88.900392846687623,6.588750919894153,4.4676511632486164,<1,0.27863681316375732,-,74.475976383966739,59.318507175251007,-,-,83.977899068677743,11.511244697904029
Cabo Verde,CPV,2006,Sub-Saharan Africa,Lower middle income,490.728,70.703733251249901,16.80088710920791,11.857704881354019,<1,0.71679621934890747,-,60.338475422109028,58.50545372957599,-,-,66.644055947152651,20.860564413305159,89.15337268056831,6.6075002308906789,4.1986697092374534,<1,0.27863681316375732,-,75.549128930715298,60.509210779970502,-,-,84.542361512969819,11.21851139848917
Cabo Verde,CPV,2007,Sub-Saharan Africa,Lower middle income,496.19,70.986133955293781,16.86799222700051,11.54395935103712,<1,0.71679621934890747,-,61.70012782406905,59.047679641866928,-,-,67.176862048526914,20.67726413376738,89.406352514449111,6.6262495418872049,3.9296882552261749,<1,0.27863681316375732,-,76.627169036750317,61.705713851317533,-,-,85.106823957262122,10.92577809907419
Cabo Verde,CPV,2008,Sub-Saharan Africa,Lower middle income,501.355,71.268534659337661,16.935097344793121,11.230213820720209,<1,0.71679621934890747,-,63.070696697371503,59.592360508269692,-,-,67.709668149901404,20.493963854229381,89.659332348329784,6.6449988528837451,3.6607068012150119,<1,0.27863681316375732,-,77.710096702071866,62.908016389291973,-,-,85.671286401554426,10.6330447996591
Cabo Verde,CPV,2009,Sub-Saharan Africa,Lower middle income,506.141,71.550935363381555,17.002202462585711,10.916468290403319,<1,0.71679621934890747,-,64.450182042016365,60.139496328784269,-,-,68.242474251275667,20.310663574691599,89.912312182210584,6.6637481638802711,3.3917253472037352,<1,0.27863681316375732,-,78.797911926680314,64.116118393893942,-,-,86.235748845846729,10.34031150024413
Cabo Verde,CPV,2010,Sub-Saharan Africa,Lower middle income,509.784,71.833336067425435,17.069307580378322,10.60272276008641,<1,0.71679621934890747,-,65.838583858003673,60.689087103410778,-,-,68.775280352649929,20.127363295153831,90.165292016091271,6.6824974748767971,3.1227438931925708,<1,0.27863681316375732,-,79.890614710575065,65.330019865123333,-,-,86.800211290139032,10.04757820082904
Cabo Verde,CPV,2011,Sub-Saharan Africa,Lower middle income,511.447,72.115736771469315,17.136412698170929,10.2889772297695,<1,0.71679621934890747,-,67.235902145333398,61.241132832149013,-,-,69.308086454024192,19.944063015616049,90.418271849972058,6.7012467858733373,2.853762439181295,<1,0.27863681316375732,-,80.98820505375673,66.549720802980247,-,-,87.364673734431335,9.7548449014140601
Cabo Verde,CPV,2012,Sub-Saharan Africa,Lower middle income,511.955,72.398137475513195,17.20351781596354,9.9752316994526069,<1,0.71679621934890747,-,68.642136904005554,61.795633514999068,-,-,69.840892555398682,19.76076273607805,90.671251683852745,6.7199960968698633,2.584780985170132,<1,0.27863681316375732,-,82.090682956224683,67.775221207464128,-,-,87.929136178723638,9.4621116019989699
Cabo Verde,CPV,2013,Sub-Saharan Africa,Lower middle income,512.225,72.680538179557075,17.27062293375614,9.6614861691356992,<1,0.71679621934890747,-,70.057288134020126,62.352589151961041,-,-,70.373698656772945,19.577462456540271,90.924231517733531,6.7387454078664044,2.315799531158854,<1,0.27863681316375732,-,83.19804841797955,69.006521078575986,-,-,88.493598623015941,9.1693783025839934
Cabo Verde,CPV,2014,Sub-Saharan Africa,Lower middle income,512.326,72.96293888360087,17.337728051548719,9.3477406388189053,<1,0.71679621934890747,-,71.481355835377045,62.911999743034663,-,-,70.906504758147207,19.394162177002389,91.177211351614218,6.7574947188629304,2.0468180771476909,<1,0.27863681316375732,-,84.310301439020719,70.243620416315252,-,-,89.058061067308245,8.8766450031689033
Cabo Verde,CPV,2015,Sub-Saharan Africa,Lower middle income,512.394,73.24533958764475,17.40483316934133,9.0339951085020118,<1,0.71679621934890747,-,72.914340008076891,63.473865288220182,-,-,71.43931085952147,19.210861897464611,91.430191185495005,6.7762440298594697,1.777836623136414,<1,0.27863681316375732,-,85.427442019348788,71.486519220682055,-,-,89.622523511600548,8.5839117037539268
Cabo Verde,CPV,2016,Sub-Saharan Africa,Lower middle income,512.554,74.356240652118743,16.643437926703829,8.7202495781851042,<1,0.71679621934890747,-,74.356240652118743,64.03818578751752,-,-,71.97211696089596,19.027561617926612,91.683171019375806,6.7949933408559957,1.5088551691251371,<1,0.27863681316375732,-,86.54947015896326,72.735217491676337,-,-,90.186985955892851,8.2911784043389503
Cabo Verde,CPV,2017,Sub-Saharan Africa,Lower middle income,512.893,75.807057767503025,15.54212663315603,8.4065040478681965,<1,0.71679621934890747,-,75.807057767503025,64.604961240926798,-,-,72.504923062270223,18.844261338388829,91.936150853256493,6.8137426518525217,1.239873715113974,<1,0.27863681316375732,-,87.676385857864446,73.989715229298014,-,-,90.751448400185154,7.9984451049238601
Cabo Verde,CPV,2018,Sub-Saharan Africa,Lower middle income,513.415,77.266791354229738,14.431898868265799,8.092758517551303,<1,0.71679621934890747,-,77.266791354229738,65.174191648447788,-,-,73.037729163644485,18.660961058851061,92.189130687137279,6.8324919628490619,<1,<1,0.27863681316375732,-,88.80818911605212,75.250012433547241,-,-,91.31591084447723,7.7057118055091109
Cabo Verde,CPV,2019,Sub-Saharan Africa,Lower middle income,514.104,78.735441412298869,13.31275463203316,7.7790129872343954,<1,0.71679621934890747,-,78.735441412298869,65.745877010080605,-,-,73.570535265018748,18.477660779313279,92.442110521017966,6.8512412738455879,<1,<1,0.27863681316375732,-,89.944879933526522,76.516109104423847,-,-,91.880373288769533,7.4129785060940208
Cabo Verde,CPV,2020,Sub-Saharan Africa,Lower middle income,514.679,80.213007941710444,12.18469392445807,7.4652674569174877,<1,0.71679621934890747,-,80.21300794171043,66.320017325825347,-,-,74.103341366393238,18.29436049977528,92.695090354898753,6.8699905848421281,<1,<1,0.27863681316375732,-,91.086458310287412,77.788005241928019,-,-,92.444835733061836,7.1202452066790443
Cabo Verde,CPV,2021,Sub-Saharan Africa,Lower middle income,516.649,81.699490942464422,11.04771674554058,7.1515219266005943,<1,0.71679621934890747,-,81.699490942464422,66.896612595681802,-,-,74.636147467767501,18.111060220237501,92.94807018877944,6.8887398958386541,<1,<1,0.27863681316375732,-,92.232924246335003,79.06570084605957,-,-,93.00929817735414,6.8275119072639541
Cabo Verde,CPV,2022,Sub-Saharan Africa,Lower middle income,519.741,83.194890414560831,9.9018230952806618,6.8377763962836866,<1,0.71679621934890747,-,83.194890414560831,67.475662819650083,-,-,75.168953569141763,17.92775994069973,93.283029060676654,6.7169709393233461,<1,<1,0.27863681316375732,-,93.283029060676654,80.262080073529887,-,-,93.573760621646443,6.4262393783535572
Cabo Verde,CPV,2023,Sub-Saharan Africa,Lower middle income,522.331,84.699206357999671,8.7470129736783093,6.5240308659667789,<1,0.71679621934890747,-,84.699206357999685,68.057167997730303,-,-,75.701759670516026,17.744459661161951,94.182373017470809,5.8176269825291911,<1,<1,0.27863681316375732,-,94.182373017470809,81.329221147058888,-,-,94.138223065938746,5.861776934061254
Cabo Verde,CPV,2024,Sub-Saharan Africa,Lower middle income,524.877,86.212438772780843,7.5832863807335116,6.2042748464856459,<1,0.71679621934890747,-,86.212438772780843,68.641128129922137,-,-,76.234565771890516,17.561159381623838,95.081716974264737,4.9182830257352634,<1,<1,0.27863681316375732,-,95.081716974264737,82.396362220588344,-,-,94.702685510231049,5.2973144897689508
Equatorial Guinea,GNQ,2000,Sub-Saharan Africa,Upper middle income,703.279,38.689132594911953,1.7016474050879959,6.076689999999644,53.532530000000413,-,-,2.5454673463799971,-,-,-,3.061619999999948,37.329160000000002,63.966179808180058,2.9435601918199978,24.36582999999996,8.7244299999999839,-,-,18.448199620398011,-,-,-,19.417179999999458,47.492560000000587
Equatorial Guinea,GNQ,2001,Sub-Saharan Africa,Upper middle income,749.836,38.080381573556409,1.6748729718981821,9.1697181818180979,51.075027272727311,-,-,2.5054158967090938,-,-,-,4.5378363636364156,35.217418181818182,65.051704898345477,2.9935132834727232,23.878027272727191,8.0767545454546052,-,-,18.7612710530891,-,-,-,21.62470909090916,46.420509090909043
Equatorial Guinea,GNQ,2002,Sub-Saharan Africa,Upper middle income,797.957,37.471630552200637,1.6480985387083611,12.262746363636779,48.617524545454224,-,-,2.4653644470381759,-,-,-,6.0140527272724276,33.105676363636583,66.137229988510896,3.043466375125448,23.390224545454661,7.4290790909089992,-,-,19.074342485780171,-,-,-,23.83223818181796,45.348458181818387
Equatorial Guinea,GNQ,2003,Sub-Saharan Africa,Upper middle income,847.862,36.862879530845099,1.6213241055185461,15.35577454545432,46.160021818182031,-,-,2.425312997367274,-,-,-,7.490269090908896,30.993934545454749,67.222755078676315,3.093419466778172,22.902421818181889,6.7814036363636214,-,-,19.38741391847126,-,-,-,26.039767272726749,44.276407272727738
Equatorial Guinea,GNQ,2004,Sub-Saharan Africa,Upper middle income,899.917,36.254128509489327,1.5945496723287249,18.448802727273009,43.702519090908943,-,-,2.3852615476963561,-,-,-,8.9664854545453636,28.882192727272699,68.308280168841733,3.1433725584308969,22.414619090909131,6.1337281818182419,-,-,19.700485351162339,-,-,-,28.247296363636451,43.20435636363618
Equatorial Guinea,GNQ,2005,Sub-Saharan Africa,Upper middle income,947.367,35.645377488133789,1.567775239138911,21.54183090909055,41.245016363636751,-,-,2.3452100980254529,-,-,-,10.442701818181829,26.770450909090869,69.393805259007152,3.1933256500836218,21.92681636363659,5.4860527272726358,-,-,20.013556783853421,-,-,-,30.45482545454524,42.132305454545531
Equatorial Guinea,GNQ,2006,Sub-Saharan Africa,Upper middle income,990.343,35.036626466778031,1.5410008059490821,24.634859090909231,38.787513636363663,-,-,2.305158648354535,-,-,-,11.918918181818301,24.658709090908811,70.479330349172997,3.243278741736376,21.43901363636337,4.8383772727272572,-,-,20.32662821654462,-,-,-,32.662354545454043,41.060254545455336
Equatorial Guinea,GNQ,2007,Sub-Saharan Africa,Upper middle income,1036.044,34.427875445422487,1.514226372759268,27.727887272727681,36.330010909090561,-,-,2.2651071986836331,-,-,-,13.39513454545431,22.546967272727439,71.564855439338416,3.2932318333891,20.951210909090609,4.1907018181818776,-,-,20.639699649235698,-,-,-,34.869883636363738,39.988203636363778
Equatorial Guinea,GNQ,2008,Sub-Saharan Africa,Upper middle income,1084.53,33.819124424066942,1.487451939569453,30.820915454545229,33.872508181818382,-,-,2.225055749012729,-,-,-,14.871350909090779,20.43522545454562,72.650380529503835,3.3431849250418249,20.463408181818071,3.543026363636272,-,-,20.952771081926791,-,-,-,37.077412727272531,38.916152727273129
Equatorial Guinea,GNQ,2009,Sub-Saharan Africa,Upper middle income,1135.673,33.210373402711177,1.460677506379632,33.913943636363911,31.41500545454528,-,-,2.185004299341812,-,-,-,16.34756727272725,18.323483636363559,73.735905619669253,3.3931380166945502,19.975605454545299,2.8953509090908942,-,-,21.265842514617869,-,-,-,39.284941818181323,37.84410181818248
Equatorial Guinea,GNQ,2010,Sub-Saharan Africa,Upper middle income,1189.085,32.601622381355632,1.4339030731898179,37.006971818181462,28.957502727273091,-,-,2.1449528496709092,-,-,-,17.823783636363711,16.211741818181739,74.821430709834672,3.4430911083472751,19.487802727272541,2.2476754545455151,-,-,21.578913947308941,-,-,-,41.492470909091033,36.772050909090922
Equatorial Guinea,GNQ,2011,Sub-Saharan Africa,Upper middle income,1241.835,31.992871359999871,1.4071286399999929,40.100000000000144,26.5,-,-,2.1049013999999908,-,-,-,19.299999999999731,14.10000000000014,75.906955800000091,3.4930441999999999,19,1.5999999999999091,-,-,21.89198538000003,-,-,-,43.699999999999818,35.700000000000273
Equatorial Guinea,GNQ,2012,Sub-Saharan Africa,Upper middle income,1293.483,31.38412033864433,1.380354206810178,43.19302818181859,24.042497272726909,-,-,2.064849950329088,-,-,-,20.776216363636191,11.98825818181831,76.99248089016551,3.5429972916527248,18.512197272727239,<1,-,-,22.205056812691101,-,-,-,45.907529090908611,34.627949090909617
Equatorial Guinea,GNQ,2013,Sub-Saharan Africa,Upper middle income,1346.218,30.775369317288781,1.3535797736203641,46.286056363636128,21.58499454545472,-,-,2.0247985006581861,-,-,-,22.252432727272659,9.8765163636364832,78.078005980330929,3.5929503833054501,18.02439454545447,<1,-,-,22.51812824538219,-,-,-,48.115058181817403,33.555898181818968
Equatorial Guinea,GNQ,2014,Sub-Saharan Africa,Upper middle income,1399.828,30.775369317288789,1.3535797736203681,46.286056363636128,21.58499454545472,-,-,2.0247985006581861,-,-,-,22.252432727272659,9.8765163636364939,78.078005980330929,3.5929503833054501,18.02439454545447,<1,-,-,22.51812824538219,-,-,-,48.115058181817403,33.555898181818968
Equatorial Guinea,GNQ,2015,Sub-Saharan Africa,Upper middle income,1453.923,30.775369317288789,1.3535797736203681,46.286056363636128,21.58499454545472,-,-,2.0247985006581861,-,-,-,22.252432727272659,9.8765163636364939,78.078005980330929,3.5929503833054501,18.02439454545447,<1,-,-,22.51812824538219,-,-,-,48.115058181817403,33.555898181818968
Equatorial Guinea,GNQ,2016,Sub-Saharan Africa,Upper middle income,1508.186,30.775369317288789,1.3535797736203681,46.286056363636128,21.58499454545472,-,-,2.0247985006581861,-,-,-,22.252432727272659,9.8765163636364939,78.078005980330929,3.5929503833054501,18.02439454545447,<1,-,-,22.51812824538219,-,-,-,48.115058181817403,33.555898181818968
Equatorial Guinea,GNQ,2017,Sub-Saharan Africa,Upper middle income,1562.396,30.775369317288789,1.3535797736203681,46.286056363636128,21.58499454545472,-,-,2.0247985006581861,-,-,-,22.252432727272659,9.8765163636364939,78.078005980330929,3.5929503833054501,18.02439454545447,<1,-,-,22.51812824538219,-,-,-,48.115058181817403,33.555898181818968
Guinea-Bissau,GNB,2000,Sub-Saharan Africa,Low income,1234.741,42.690565035070243,2.9217565175683622,50.626950662405648,3.7607277849557481,0.41197749972343445,4.3247253654912967,4.3247253654912967,43.402874380325258,25.515997922225871,0.39158695936203003,1.4126587815653691,44.199662771073243,77.150073526386947,1.274950376426617,20.957419856153269,<1,-0.18586453795433044,41.209422154291353,41.209422154291353,52.22543500255761,50.422922095677741,-0.21356061100959778,38.576281389900487,39.848742512913077
Guinea-Bissau,GNB,2001,Sub-Saharan Africa,Low income,1261.273,43.264780306835867,3.2467359332730301,49.834474138727018,3.6540096211640791,0.41197749972343445,4.671237729225993,4.671237729225993,44.2585123468929,26.019016602182571,0.39158695936203003,3.0182234676658481,43.493292772443063,77.044287349705002,1.9836220936003599,20.37774357173085,<1,-0.18586453795433044,41.03959869308143,41.03959869308143,52.626913485343337,50.810543917489362,-0.21356061100959778,40.000119160625673,39.027790282679689
Guinea-Bissau,GNB,2002,Sub-Saharan Africa,Low income,1289.307,43.828657193905407,3.5820537336735678,49.041997615048608,3.5472914573724101,0.41197749972343445,5.0278516526062074,5.0278516526062074,45.114150313460328,26.522035282139139,0.39158695936203003,4.6237881537667818,42.786922773812186,76.927838129780767,2.70295685401662,19.798067287308211,<1,-0.18586453795433044,40.862350651395602,40.862350651395602,53.02839196812922,51.198165739301118,-0.21356061100959778,41.423956931351313,38.206838052446066
Guinea-Bissau,GNB,2003,Sub-Saharan Africa,Low income,1318.806,44.382195696279148,3.9277099187701272,48.249521091369992,3.4405732935807412,0.41197749972343445,5.3945671356321991,5.3945671356321991,45.969788280027977,27.025053962095839,0.39158695936203003,6.2293528398672606,42.080552775182007,76.800725866614158,3.4329546576750261,19.218391002885799,<1,-0.18586453795433044,40.677678029233299,40.677678029233299,53.429870450914947,51.585787561112753,-0.21356061100959778,42.847794702076499,37.385885822212693
Guinea-Bissau,GNB,2004,Sub-Saharan Africa,Low income,1349.563,44.92539581395711,4.2837044885624644,47.457044567691383,3.3338551297890429,0.41197749972343445,5.7713841783038404,5.7713841783038404,46.825426246595612,27.528072642052539,0.39158695936203003,7.8349175259681942,41.374182776551379,76.662950560205033,4.1736155045759489,18.63871471846339,<1,-0.18586453795433044,40.48558082659499,40.48558082659499,53.831348933700681,51.973409382924373,-0.21356061100959778,44.271632472802139,36.564933591978843
Guinea-Bissau,GNB,2005,Sub-Saharan Africa,Low income,1381.585,45.458257546938967,4.650037443050671,46.664568044012981,3.2271369659973739,0.41197749972343445,6.1583027806209882,6.1583027806209882,47.68106421316304,28.0310913220091,0.39158695936203003,9.4404822120686731,40.667812777920972,76.514512210553974,4.9249393947190327,18.059038434040751,<1,-0.18586453795433044,40.286059043480407,40.286059043480407,54.232827416486558,52.361031204736143,-0.21356061100959778,45.69547024352778,35.743981361745227
Guinea-Bissau,GNB,2006,Sub-Saharan Africa,Low income,1415.303,45.980780895225152,5.0267087822347918,45.872091520334351,3.1204188022057049,0.41197749972343445,6.5553229425839241,6.5553229425839241,48.536702179730682,28.5341100019658,0.39158695936203003,11.04604689816961,39.961442779290337,76.355410817660186,5.6869263281046187,17.479362149618339,<1,-0.18586453795433044,40.079112679889732,40.079112679889732,54.634305899272299,52.748653026547757,-0.21356061100959778,47.119308014252972,34.923029131511839
Guinea-Bissau,GNB,2007,Sub-Saharan Africa,Low income,1450.986,46.492965858815133,5.4137185061148827,45.079614996655948,3.0137006384140359,0.41197749972343445,6.9624446641923603,6.9624446641923603,49.39234014629811,29.037128681922368,0.39158695936203003,12.651611584270089,39.25507278065993,76.185646381524265,6.4595763047323373,16.899685865195931,<1,-0.18586453795433044,39.864741735822847,39.864741735822847,55.035784382058033,53.136274848359378,-0.21356061100959778,48.543145784978613,34.102076901277997
Guinea-Bissau,GNB,2008,Sub-Saharan Africa,Low income,1488.054,46.994812437709527,5.8110666146907803,44.287138472977318,2.9069824746223669,0.41197749972343445,7.3796679454465934,7.3796679454465934,50.247978112865759,29.540147361879072,0.39158695936203003,14.257176270371019,38.548702782029302,76.005218902146041,7.2428893246025856,16.320009580773291,<1,-0.18586453795433044,39.642946211279707,39.642946211279707,55.437262864843909,53.52389667017114,-0.21356061100959778,49.966983555704253,33.281124671044381
Guinea-Bissau,GNB,2009,Sub-Saharan Africa,Low income,1526.377,47.48632063190805,6.2187531079625629,43.494661949298688,2.8002643108306979,0.41197749972343445,7.8069927863464716,7.8069927863464716,51.103616079433401,30.043166041835772,0.39158695936203003,15.8627409564715,37.842332783399122,75.814128379525457,8.0368653877149683,15.74033329635088,<1,-0.18586453795433044,39.413726106260462,39.413726106260462,55.838741347629643,53.911518491982761,-0.21356061100959778,51.390821326429432,32.460172440810993
Guinea-Bissau,GNB,2010,Sub-Saharan Africa,Low income,1566.347,47.967490441410483,6.636777985930209,42.702185425620307,2.693546147039001,0.41197749972343445,8.2444191868918431,8.2444191868918431,51.959254046000829,30.54618472179234,0.39158695936203003,17.468305642572432,37.135962784768253,75.612374813662555,8.8415044940698948,15.16065701192824,<1,-0.18586453795433044,39.177081420764928,39.177081420764928,56.240219830415519,54.299140313794531,-0.21356061100959778,52.814659097155072,31.639220210577381
Guinea-Bissau,GNB,2011,Sub-Saharan Africa,Low income,1608.076,48.438321866217208,7.0651412485937746,41.909708901941677,2.586827983247332,0.41197749972343445,8.6919471470830167,8.6919471470830167,52.814892012568471,31.04920340174904,0.39158695936203003,19.073870328672911,36.429592786138073,75.399958204557322,9.6568066436669255,14.58098072750583,<1,-0.18586453795433044,38.933012154793303,38.933012154793303,56.641698313201253,54.686762135606138,-0.21356061100959778,54.238496867880258,30.81826798034399
Guinea-Bissau,GNB,2012,Sub-Saharan Africa,Low income,1651.417,48.898814906327729,7.5038428959533263,41.117232378263282,2.480109819455663,0.41197749972343445,9.1495766669198044,9.1495766669198044,53.6705299791359,31.552222081705601,0.39158695936203003,20.679435014773841,35.723222787507211,75.176878552209558,10.48277183650649,14.00130444308342,<1,-0.18586453795433044,38.681518308345296,38.681518308345296,57.04317679598698,55.074383957417773,-0.21356061100959778,55.662334638605898,29.99731575011015
Guinea-Bissau,GNB,2013,Sub-Saharan Africa,Low income,1695.973,49.348969561742692,7.9528829280086626,40.324755854584652,2.373391655663994,0.41197749972343445,9.6173077464021457,9.6173077464021457,54.526167945703548,32.055240761662297,0.39158695936203003,22.284999700874319,35.016852788877031,74.943135856619847,11.31940007258822,13.421628158660781,<1,-0.18586453795433044,38.422599881421391,38.422599881421391,57.444655278772863,55.462005779229543,-0.21356061100959778,57.086172409331539,29.176363519876531
Guinea-Bissau,GNB,2014,Sub-Saharan Africa,Low income,1741.122,49.788785832461762,8.4122613447598908,39.532279330906022,2.266673491872325,0.41197749972343445,10.095140385530261,10.095140385530261,55.38180591227119,32.558259441619001,0.39158695936203003,23.89056438697526,34.310482790246397,74.698730117787434,12.16669135191243,12.84195187423837,<1,-0.18586453795433044,38.156256874021203,38.156256874021203,57.84613376155859,55.849627601041163,-0.21356061100959778,58.510010180056717,28.35541128964314
Guinea-Bissau,GNB,2015,Sub-Saharan Africa,Low income,1786.457,50.218263718484742,8.8819781462069827,38.739802807227647,2.1599553280806281,0.41197749972343445,10.58307458430386,10.58307458430386,56.237443878838619,33.061278121575583,0.39158695936203003,25.496129073075739,33.604112791615989,74.443661335712875,13.024645674478791,12.26227558981596,<1,-0.18586453795433044,37.882489286144633,37.882489286144633,58.247612244344317,56.237249422852777,-0.21356061100959778,59.933847950782358,27.534459059409301
Guinea-Bissau,GNB,2016,Sub-Saharan Africa,Low income,1831.893,50.637403219811901,9.3620333323501228,37.947326283549017,2.0532371642889591,0.41197749972343445,11.081110342723269,11.081110342723269,57.09308184540626,33.564296801532272,0.39158695936203003,27.101693759176211,32.89774279298581,74.177929510395984,13.89326304028771,11.682599305393319,<1,-0.18586453795433044,37.60129711779215,37.60129711779215,58.649090727130201,56.62487124466454,-0.21356061100959778,61.357685721507551,26.71350682917614
Guinea-Bissau,GNB,2017,Sub-Saharan Africa,Low income,1877.072,51.046204336443097,9.8524269031889915,37.154849759870608,1.9465190004972901,0.41197749972343445,11.58924766078829,11.58924766078829,57.948719811973689,34.067315481488841,0.39158695936203003,28.707258445277152,32.191372794354947,73.901534641836776,14.772543449338711,11.102923020970911,<1,-0.18586453795433044,37.3126803689632,37.3126803689632,59.050569209915928,57.012493066476168,-0.21356061100959778,62.781523492233191,25.892554598942301
Guinea-Bissau,GNB,2018,Sub-Saharan Africa,Low income,1922.168,51.444667068378621,10.35315885872377,36.362373236191978,1.8398008367056209,0.41197749972343445,12.107486538498859,12.107486538498859,58.804357778541331,34.570334161445537,0.39158695936203003,30.31282313137763,31.485002795724771,73.614476730035221,15.66248690163229,10.52324673654827,<1,-0.18586453795433044,37.016639039658351,37.016639039658351,59.452047692701818,57.400114888287931,-0.21356061100959778,64.205361262958832,25.071602368708682
Guinea-Bissau,GNB,2019,Sub-Saharan Africa,Low income,1967.696,51.832791415618253,10.864229198954449,35.569896712513348,1.7330826729139519,0.41197749972343445,12.63582697585522,12.63582697585522,59.659995745108979,35.073352841402233,0.39158695936203003,31.91838781747856,30.778632797094129,73.31675577499135,16.563093397167961,9.9435704521258543,<1,-0.18586453795433044,36.713173129877013,36.713173129877013,59.853526175487538,57.787736710099551,-0.21356061100959778,65.629199033684017,24.25065013847529
Guinea-Bissau,GNB,2020,Sub-Saharan Africa,Low income,2013.255,52.210577378161638,11.38563792388112,34.777420188834981,1.6263645091222541,0.41197749972343445,13.174268972857179,13.174268972857179,60.515633711676408,35.576371521358809,0.39158695936203003,33.523952503579039,30.072262798463729,73.008371776704948,17.474362935946161,9.3638941677034424,<1,-0.18586453795433044,36.402282639619692,36.402282639619692,60.255004658273279,58.175358531911179,-0.21356061100959778,67.053036804409658,23.429697908241451
Guinea-Bissau,GNB,2021,Sub-Saharan Africa,Low income,2058.841,52.578024956009493,11.917385033503569,33.984943665156351,1.5196463453305851,0.41197749972343445,13.72281252950469,13.72281252950469,61.371271678244049,36.079390201315498,0.39158695936203003,35.129517189679973,29.365892799833091,72.689324735176598,18.396295517966539,8.7842178832808031,<1,-0.18586453795433044,36.083967568886273,36.083967568886273,60.656483141059148,58.562980353722928,-0.21356061100959778,68.476874575134843,22.60874567800829
Guinea-Bissau,GNB,2022,Sub-Saharan Africa,Low income,2105.529,52.578024956009493,11.917385033503569,33.984943665156351,1.5196463453305851,0.41197749972343445,13.72281252950469,13.72281252950469,61.371271678244049,36.079390201315498,0.39158695936203003,35.129517189679973,29.365892799833091,72.689324735176598,18.396295517966539,8.7842178832808031,<1,-0.18586453795433044,36.08396756888628,36.08396756888628,60.656483141059148,58.562980353722928,-0.21356061100959778,68.476874575134843,22.60874567800829
Guinea-Bissau,GNB,2023,Sub-Saharan Africa,Low income,2153.339,52.578024956009493,11.917385033503569,33.984943665156351,1.5196463453305851,0.41197749972343445,13.72281252950469,13.72281252950469,61.371271678244049,36.079390201315498,0.39158695936203003,35.129517189679973,29.365892799833091,72.689324735176598,18.396295517966539,8.7842178832808031,<1,-0.18586453795433044,36.08396756888628,36.08396756888628,60.656483141059148,58.562980353722928,-0.21356061100959778,68.476874575134843,22.60874567800829
Guinea-Bissau,GNB,2024,Sub-Saharan Africa,Low income,2201.352,52.578024956009493,11.917385033503569,33.984943665156351,1.5196463453305851,0.41197749972343445,13.72281252950469,13.72281252950469,61.371271678244049,36.079390201315498,0.39158695936203003,35.129517189679973,29.365892799833091,72.689324735176598,18.396295517966539,8.7842178832808031,<1,-0.18586453795433044,36.08396756888628,36.08396756888628,60.656483141059148,58.562980353722928,-0.21356061100959778,68.476874575134843,22.60874567800829
Mozambique,MOZ,2000,Sub-Saharan Africa,Low income,18129.653,7.7150987828214506,4.9203807465049518,64.119120985669383,23.24539948500421,1.8396166563034058,<1,<1,6.7621405189192823,5.9023862815751844,0.60762965679168701,3.2321732221705588,9.4033063071558445,61.75985221377487,8.6480366183001891,24.575440827391901,5.0166703405330404,1.1515333652496338,30.749425999148119,30.749425999148119,47.558013865548247,35.668580156018159,0.69952332973480225,58.54113450571981,11.866754326355251
Mozambique,MOZ,2001,Sub-Saharan Africa,Low income,18537.729,9.0025369669803847,5.7414572138284559,62.450828243023693,22.80517757616747,1.8396166563034058,<1,<1,7.9571933844159748,6.887332513692872,0.60762965679168701,4.0398605364518971,10.70413364435694,61.75985221377487,8.6480366183001891,24.575440827391901,5.0166703405330404,1.1515333652496338,30.749425999148119,30.749425999148119,47.660312088680612,35.668580156018159,0.69952332973480225,58.54113450571981,11.866754326355251
Mozambique,MOZ,2002,Sub-Saharan Africa,Low income,18958.338,10.44352052772774,6.4089883045635396,60.78253550037789,22.364955667330829,1.8396166563034058,<1,<1,9.1713056207574493,7.8722787458105596,0.60762965679168701,4.8475478507330081,12.00496098155827,62.887882996258732,8.5386831150389568,23.719035179966969,4.8543987087353457,1.1515333652496338,31.803054934763171,31.803054934763171,48.453650573466803,36.184641250730508,0.69952332973480225,59.293185071130438,12.133381040167251
Mozambique,MOZ,2003,Sub-Saharan Africa,Low income,19392.475,11.92292598511032,7.0380974986624878,59.114242757733003,21.924733758494199,1.8396166563034058,<1,<1,10.404477227943181,8.8572249779278245,0.60762965679168701,5.655235165014119,13.30578831875869,64.022601895732933,8.4226414947873849,22.86262953254197,4.6921270769377088,1.1515333652496338,32.87404740622722,32.87404740622722,49.24994920596761,36.700702345442878,0.69952332973480225,60.045235636540838,12.40000775397948
Mozambique,MOZ,2004,Sub-Saharan Africa,Low income,19840.313,13.440753339129261,7.6287847961259816,57.445950015087313,21.484511849657451,1.8396166563034058,<1,<1,11.65670820597421,9.8421712100455103,0.60762965679168701,6.4629224792954574,14.606615655959789,65.164008912197659,8.2999117575455159,22.00622388511681,4.529855445140015,1.1515333652496338,33.96240341354018,33.96240341354018,50.04920798618322,37.216763440155347,0.69952332973480225,60.797286201951472,12.66663446779171
Mozambique,MOZ,2005,Sub-Saharan Africa,Low income,20304.569,14.997002589784,8.1810501969536826,55.777657272441502,21.044289940820821,1.8396166563034058,<1,<1,12.927998554850021,10.8271174421632,0.60762965679168701,7.2706097935765683,15.90744299316111,66.312104045652546,8.1704939033132575,21.149818237691822,4.3675838133423781,1.1515333652496338,35.068122956702183,35.068122956702183,50.851426914113361,37.732824534867717,0.69952332973480225,61.549336767361858,12.933261181603941
Mozambique,MOZ,2006,Sub-Saharan Africa,Low income,20787.087,16.59167373707394,8.694893701145272,54.109364529796608,20.60406803198418,1.8396166563034058,<1,<1,14.21834827457009,11.812063674280459,0.60762965679168701,8.0782971078579067,17.208270330361302,67.466887296097767,8.0343879320906666,20.293412590266879,4.2053121815446843,1.1515333652496338,36.191206035713172,36.191206035713172,51.65660598975812,38.24888562958008,0.69952332973480225,62.301387332772492,13.199887895415941
Mozambique,MOZ,2007,Sub-Saharan Africa,Low income,21287.635,18.224766781000259,9.1703153087013831,52.441071787150918,20.16384612314744,1.8396166563034058,1.084171539815566,1.084171539815566,15.527757365135461,12.79700990639815,0.60762965679168701,8.8859844221390176,18.509097667562632,68.628358663533518,7.8915938438777724,19.437006942841659,4.0430405497470474,1.1515333652496338,37.331652650573247,37.331652650573247,52.464745213117673,38.764946724292557,0.69952332973480225,63.053437898182892,13.466514609228399
Mozambique,MOZ,2008,Sub-Saharan Africa,Low income,21819.036,19.896281721562382,9.6073150196217014,50.772779044505107,19.723624214310799,1.8396166563034058,1.4991413311541739,1.4991413311541739,16.8562258265456,13.78195613851584,0.60762965679168701,9.693671736420356,19.809925004763731,69.796518147959517,7.7421116386744018,18.580601295416731,3.8807689179493541,1.1515333652496338,38.489462801282187,38.489462801282187,53.275844584191773,39.281007819004913,0.69952332973480225,63.80548846359352,13.7331413230404
Mozambique,MOZ,2009,Sub-Saharan Africa,Low income,22391.745,21.606218558759679,10.00589283390593,49.10448630186022,19.283402305474169,1.8396166563034058,1.9614968156361141,1.9614968156361141,18.203753658799961,14.766902370633099,0.60762965679168701,10.50135905070147,21.11075234196414,70.971365749375764,7.5859413164807847,17.724195647991792,3.7184972861516599,1.1515333652496338,39.66463648783995,39.66463648783995,54.089904102980483,39.797068913717283,0.69952332973480225,64.557539029003919,13.999768036852631
Mozambique,MOZ,2010,Sub-Saharan Africa,Low income,22999.235,23.35457729259339,10.36604875155466,47.43619355921453,18.843180396637418,1.8396166563034058,2.4712379932613349,2.4712379932613349,19.570340861899659,15.75184860275079,0.60762965679168701,11.30904636498258,22.41157967916547,72.152901467782343,7.4230828772968351,16.867790000566799,3.5562256543540229,1.1515333652496338,40.313130008429631,40.857173710246862,54.906923769483832,40.313130008429631,0.69952332973480225,65.309589594414547,14.266394750664629
Mozambique,MOZ,2011,Sub-Saharan Africa,Low income,23649.039,25.141357923062891,10.687782772567591,45.767900816568734,18.402958487800792,1.8396166563034058,3.0283648640300882,3.0283648640300882,20.955987435844129,16.73679483486848,0.60762965679168701,12.11673367926392,23.712407016366569,73.341125303179268,7.2535363211225388,16.01138435314186,3.3939540225563292,1.1515333652496338,40.829191103141987,42.06707446850276,55.726903583701883,40.829191103141987,0.69952332973480225,66.061640159825174,14.533021464476629
Mozambique,MOZ,2012,Sub-Saharan Africa,Low income,24337.846,26.966560450167549,10.97109489694447,44.099608073923953,17.962736578964041,1.8396166563034058,3.6328774279421419,3.6328774279421419,22.360693380632849,17.721741066985739,0.60762965679168701,12.924420993545031,25.01323435356699,74.536037255566939,7.0773016479579516,15.15497870571642,3.2316823907586918,1.1515333652496338,41.345252197854578,43.294338762607872,56.549843545634843,41.345252197854578,0.69952332973480225,66.813690725235574,14.799648178289321
Mozambique,MOZ,2013,Sub-Saharan Africa,Low income,25051.611,28.830184873908639,11.215985124685821,42.431315331278142,17.522514670127411,1.8396166563034058,4.284775684997479,4.284775684997479,23.784458696266881,18.706687299103429,0.60762965679168701,13.732108307826371,26.314061690768089,75.737637324944544,6.8943788578029768,14.298573058291479,3.069410758960998,1.1515333652496338,41.861313292566948,44.53896659256155,57.375743655282143,41.861313292566948,0.69952332973480225,67.565741290646201,15.066274892101321
Mozambique,MOZ,2014,Sub-Saharan Africa,Low income,25788.475,30.732231194285529,11.422453455791359,40.763022588632339,17.08229276129077,1.8396166563034058,4.9840596351963784,4.9840596351963784,25.22728338274565,19.691633531221122,0.60762965679168701,14.53979562210748,27.614889027969411,76.945925511312495,6.7047679506576543,13.442167410866491,2.907139127163362,1.1515333652496338,42.37737438727931,45.800957958364393,58.204603912644139,42.37737438727931,0.69952332973480225,68.317791856056601,15.33290160591355
Mozambique,MOZ,2015,Sub-Saharan Africa,Low income,26547.572,32.672699411297543,11.59049989026088,39.094729845987558,16.64207085245403,1.8396166563034058,5.7307292785383446,5.7307292785383446,26.68916744006869,20.676579763338381,0.60762965679168701,15.347482936388809,28.915716365169601,78.16090181467078,6.5084689265219993,12.58576176344155,2.7448674953656682,1.1515333652496338,42.893435481991673,47.080312860016221,59.036424317720737,42.893435481991673,0.69952332973480225,69.069842421467229,15.59952831972555
Mozambique,MOZ,2016,Sub-Saharan Africa,Low income,27337.105,34.651589524946012,11.72012442809484,37.426437103341748,16.201848943617389,1.8396166563034058,6.5247846150240001,6.5247846150240001,28.17011086823705,21.661525995456071,0.60762965679168701,16.155170250669929,30.216543702370931,79.382566235019411,6.3054817853959966,11.729356116016559,2.5825958635680308,1.1515333652496338,43.409496576704029,48.377031297517021,59.871204870512003,43.409496576704029,0.69952332973480225,69.821892986877629,15.86615503353778
Mozambique,MOZ,2017,Sub-Saharan Africa,Low income,28166.393,36.668901535230283,11.811327069293011,35.758144360695951,15.76162703478076,1.8396166563034058,7.366225644653043,7.366225644653043,29.670113667250199,22.64647222757376,0.60762965679168701,16.96285756495104,31.51737103957225,80.610918772358474,6.0958065272795636,10.872950468591631,2.4203242317703371,1.1515333652496338,43.925557671416392,49.691113270866609,60.708945571017942,43.925557671416392,0.69952332973480225,70.573943552288256,16.132781747349782
Mozambique,MOZ,2018,Sub-Saharan Africa,Low income,29018.644,38.724635442150351,11.86410781385538,34.089851618050261,15.321405125944009,1.8396166563034058,8.255052367425245,8.255052367425245,31.18917583710812,23.631418459691449,0.60762965679168701,17.770544879232379,32.818198376773353,81.845959426687784,5.8794431521728816,10.016544821166629,2.2580525999727001,1.1515333652496338,44.441618766128748,51.022558780065381,61.549646419238492,44.441618766128748,0.69952332973480225,71.325994117698656,16.399408461162011
Mozambique,MOZ,2019,Sub-Saharan Africa,Low income,29884.38,40.818791245705512,11.87846666178174,32.421558875405367,14.881183217107379,1.8396166563034058,9.1912647833408965,9.1912647833408965,32.727297377810203,24.616364691808709,0.60762965679168701,18.57823219351349,34.11902571397377,83.087688198007854,5.6563916600758972,9.1601391737412428,2.0957809681750059,1.1515333652496338,44.957679860841338,52.371367825113403,62.393307415174007,44.957679860841338,0.69952332973480225,72.078044683109283,16.666035174974471
Mozambique,MOZ,2020,Sub-Saharan Africa,Low income,30783.688,42.951368945897173,11.854403613072529,30.753266132759681,14.44096130827063,1.8396166563034058,10.17486289240008,10.17486289240008,34.284478289357679,25.601310923926391,0.60762965679168701,19.385919507794821,35.419853051174869,84.336105086317858,5.4266520509885234,8.3037335263163072,1.933509336377313,1.1515333652496338,45.473740955553701,53.73754040601014,63.23992855882392,45.473740955553701,0.69952332973480225,72.830095248519683,16.932661888786701
Mozambique,MOZ,2021,Sub-Saharan Africa,Low income,31707.8,45.122368542724622,11.79191866772751,29.08497339011387,14.000739399434,1.8396166563034058,11.2058466946024,11.2058466946024,35.860718571749928,26.586257156044081,0.60762965679168701,20.193606822075939,36.720680388376188,85.59121009161818,5.1902243249108304,7.4473278788913149,1.7712377045796761,1.1515333652496338,45.989802050266057,55.121076522755637,64.089509850188406,45.989802050266057,0.69952332973480225,73.58214581393031,17.199288602598699
Mozambique,MOZ,2022,Sub-Saharan Africa,Low income,32656.246,47.331790036187137,11.69101182574652,27.416680647468979,13.560517490597359,1.8396166563034058,12.28421618994817,12.28421618994817,37.456018224986401,27.571203388161351,0.60762965679168701,21.00129413635727,38.021507725576377,86.853003213908849,4.9471084818427897,6.5909222314663793,1.6089660727819819,1.1515333652496338,46.505863144978427,56.521976175350353,64.942051289267567,46.505863144978427,0.69952332973480225,74.33419637934071,17.465915316410928
Mozambique,MOZ,2023,Sub-Saharan Africa,Low income,33635.16,49.579633426286179,11.55168308712992,25.748387904823289,13.120295581760621,1.8396166563034058,13.40997137843722,13.40997137843722,39.070377249068223,28.55614962027904,0.60762965679168701,21.808981450638381,39.322335062777711,88.121484453189879,4.697304521784389,5.734516584041387,1.446694440984345,1.1515333652496338,47.021924239690783,57.940239363794021,65.797552876061417,47.021924239690783,0.69952332973480225,75.086246944751338,17.73254203022293
Mozambique,MOZ,2024,Sub-Saharan Africa,Low income,34631.766,51.865898713021011,11.37393245187752,24.080095162177489,12.68007367292398,1.8396166563034058,14.58311226006993,14.58311226006993,40.703795643994731,29.541095852396719,0.60762965679168701,22.616668764919719,40.62316239997881,89.396653809461228,4.4408124447356698,4.8781109366164506,1.284422809186651,1.1515333652496338,47.537985334403153,59.375866088086688,66.656014610569869,47.537985334403153,0.69952332973480225,75.838297510161738,17.99916874403516
Portugal,PRT,2000,Europe and Northern America,High income,10283.204,>99,<1,<1,<1,-7.1346215903759003E-2,90.154964001906848,>99,90.154964001906848,97.397997218465662,5.3203321993350983E-2,>99,<1,>99,<1,<1,<1,4.0577970445156097E-2,96.664349529462399,98.919135737474463,96.664349529462399,98.130680397493663,1.2499858625233173E-2,>99,<1
Portugal,PRT,2001,Europe and Northern America,High income,10354.325,>99,<1,<1,<1,-7.1346215903759003E-2,90.087502738347197,98.856359584589484,90.087502738347197,97.325116129406638,5.3203321993350983E-2,>99,<1,>99,<1,<1,<1,4.0577970445156097E-2,96.705688838277737,98.924356569152735,96.705688838277737,98.172646794836211,1.2499858625233173E-2,>99,<1
Portugal,PRT,2002,Europe and Northern America,High income,10413.044,>99,<1,<1,<1,-7.1346215903759003E-2,90.020041474787519,98.557505197830253,90.020041474787519,97.252235040347571,5.3203321993350983E-2,>99,<1,>99,<1,<1,<1,4.0577970445156097E-2,96.747028147093076,98.929545696895389,96.747028147093076,98.214613192178746,1.2499858625233173E-2,>99,<1
Portugal,PRT,2003,Europe and Northern America,High income,10454.245,>99,<1,<1,<1,-7.1346215903759003E-2,89.952580211227868,98.258987782458746,89.952580211227868,97.179353951288519,5.3203321993350983E-2,>99,<1,>99,<1,<1,<1,4.0577970445156097E-2,96.788367455908414,98.934703120702466,96.788367455908414,98.25657958952128,1.2499858625233173E-2,>99,<1
Portugal,PRT,2004,Europe and Northern America,High income,10481.381,>99,<1,<1,<1,-7.1346215903759003E-2,89.885118947668218,97.960807338474979,89.885118947668218,97.106472862229481,5.3203321993350983E-2,>99,<1,>99,<1,<1,<1,4.0577970445156097E-2,96.829706764723767,98.939828840573952,96.829706764723767,98.298545986863829,1.2499858625233173E-2,>99,<1
Portugal,PRT,2005,Europe and Northern America,High income,10502.994,>99,<1,<1,<1,-7.1346215903759003E-2,89.817657684108525,97.662963865878893,89.817657684108525,97.033591773170414,5.3203321993350983E-2,>99,<1,>99,<1,<1,<1,4.0577970445156097E-2,96.871046073539091,98.944922856509805,96.871046073539091,98.340512384206363,1.2499858625233173E-2,>99,<1
Portugal,PRT,2006,Europe and Northern America,High income,10524.12,>99,<1,<1,<1,-7.1346215903759003E-2,89.750196420548875,97.365457364670576,89.750196420548875,96.96071068411139,5.3203321993350983E-2,98.887700826391665,<1,>99,<1,<1,<1,4.0577970445156097E-2,96.912385382354444,98.949985168510096,96.912385382354444,98.382478781548897,1.2499858625233173E-2,>99,<1
Portugal,PRT,2007,Europe and Northern America,High income,10546.825,98.971172782115843,<1,1.0288272178841571,<1,-7.1346215903759003E-2,89.682735156989196,97.068287834849926,89.682735156989196,96.887829595052324,5.3203321993350983E-2,98.684586081482848,<1,>99,<1,<1,<1,4.0577970445156097E-2,96.953724691169768,98.955015776574768,96.953724691169768,98.424445178891432,1.2499858625233173E-2,>99,<1
Portugal,PRT,2008,Europe and Northern America,High income,10564.081,98.896724557937858,<1,1.103275442062142,<1,-7.1346215903759003E-2,89.615273893429546,96.771455276417086,89.615273893429546,96.814948505993272,5.3203321993350983E-2,98.481471336574089,<1,>99,<1,<1,<1,4.0577970445156097E-2,96.995063999985106,98.96001468070385,96.995063999985106,98.466411576233966,1.2499858625233173E-2,>99,<1
Portugal,PRT,2009,Europe and Northern America,High income,10576.267,98.822276333759845,<1,1.1777236662401549,<1,-7.1346215903759003E-2,89.547812629869853,96.474959689371886,89.547812629869853,96.742067416934205,5.3203321993350983E-2,98.278356591665272,<1,>99,<1,<1,<1,4.0577970445156097E-2,97.036403308800459,98.964981880897341,97.036403308800459,98.508377973576515,1.2499858625233173E-2,>99,<1
Portugal,PRT,2010,Europe and Northern America,High income,10578.66,98.74782810958186,<1,1.25217189041814,<1,-7.1346215903759003E-2,89.670783713646387,96.178801073714425,89.670783713646387,96.669186327875167,5.3203321993350983E-2,98.075241846756512,<1,>99,<1,<1,<1,4.0577970445156097E-2,97.077742617615783,98.969917377155227,97.077742617615783,98.550344370919035,1.2499858625233173E-2,>99,<1
Portugal,PRT,2011,Europe and Northern America,High income,10557.052,98.673379885403847,<1,1.3266201145961529,<1,-7.1346215903759003E-2,89.793467654903196,95.882979429444674,89.793467654903196,96.5963052388161,5.3203321993350983E-2,97.872127101847695,<1,>99,<1,<1,<1,4.0577970445156097E-2,97.119081926431122,98.974821169477522,97.119081926431122,98.592310768261584,1.2499858625233173E-2,>99,<1
Portugal,PRT,2012,Europe and Northern America,High income,10513.15,98.598931661225862,<1,1.4010683387741381,<1,-7.1346215903759003E-2,89.915864453640481,95.587494756562663,89.915864453640481,96.523424149757076,5.3203321993350983E-2,97.669012356938936,<1,>99,<1,<1,<1,4.0577970445156097E-2,97.16042123524646,98.979693257864213,97.16042123524646,98.634277165604104,1.2499858625233173E-2,>99,<1
Portugal,PRT,2013,Europe and Northern America,High income,10458.298,98.524483437047849,<1,1.4755165629521509,<1,-7.1346215903759003E-2,90.037974109858055,95.292347055068333,90.037974109858055,96.450543060697996,5.3203321993350983E-2,97.465897612030119,1.05858582501773,>99,<1,<1,<1,4.0577970445156097E-2,97.147756262349859,98.984533642315341,97.147756262349859,98.676243562946667,1.2499858625233173E-2,>99,<1
Portugal,PRT,2014,Europe and Northern America,High income,10406.199,98.450035212869864,<1,1.5499647871301361,<1,-7.1346215903759003E-2,90.159796623556105,94.997536324961771,90.159796623556105,96.377661971638972,5.3203321993350983E-2,97.262782867121359,1.187252345748504,>99,<1,<1,<1,4.0577970445156097E-2,97.13504535407786,98.989342322830851,97.13504535407786,98.718209960289201,1.2499858625233173E-2,>99,<1
Portugal,PRT,2015,Europe and Northern America,High income,10370.267,98.37558698869185,<1,1.6244130113081501,<1,-7.1346215903759003E-2,90.28133199473443,94.703062566242878,90.28133199473443,96.304780882579905,5.3203321993350983E-2,97.059668122212543,1.315918866479308,>99,<1,<1,<1,4.0577970445156097E-2,97.122288510430494,98.994119299410741,97.122288510430494,98.760176357631735,1.2499858625233173E-2,>99,<1
Portugal,PRT,2016,Europe and Northern America,High income,10346.372,98.301138764513865,<1,1.698861235486135,<1,-7.1346215903759003E-2,90.40258022339323,94.408925778911737,90.40258022339323,96.231899793520853,5.3203321993350983E-2,96.856553377303726,1.44458538721014,>99,<1,<1,<1,4.0577970445156097E-2,97.109485731407744,98.998864572055069,97.109485731407744,98.80214275497427,1.2499858625233173E-2,>99,<1
Portugal,PRT,2017,Europe and Northern America,High income,10330.844,98.226690540335852,<1,1.7733094596641481,<1,-7.1346215903759003E-2,90.523541309532376,94.115125962968293,90.523541309532376,96.159018704461786,5.3203321993350983E-2,96.653438632394966,1.573251907940886,>99,<1,<1,<1,4.0577970445156097E-2,97.096637017009613,>99,97.096637017009613,98.844109152316804,1.2499858625233173E-2,>99,<1
Portugal,PRT,2018,Europe and Northern America,High income,10325.353,98.152242316157867,<1,1.847757683842133,<1,-7.1346215903759003E-2,90.644215253151884,93.821663118412602,90.644215253151884,96.086137615402748,5.3203321993350983E-2,96.450323887486149,1.7019184286717179,>99,<1,<1,<1,4.0577970445156097E-2,97.083742367236098,>99,97.083742367236098,98.886075549659338,1.2499858625233173E-2,>99,<1
Portugal,PRT,2019,Europe and Northern America,High income,10343.213,98.077794091979882,<1,1.9222059080201179,<1,-7.1346215903759003E-2,90.764602054251824,93.528537245244635,90.764602054251824,96.013256526343724,5.3203321993350983E-2,96.24720914257739,1.8305849494024931,>99,<1,<1,<1,4.0577970445156097E-2,97.07080178208723,>99,97.07080178208723,98.928041947001887,1.2499858625233173E-2,>99,<1
Portugal,PRT,2020,Europe and Northern America,High income,10370.519,98.003345867801869,<1,1.996654132198131,<1,-7.1346215903759003E-2,90.884701712832054,93.235748343464351,90.884701712832054,95.940375437284658,5.3203321993350983E-2,96.044094397668573,1.9592514701332959,>99,<1,<1,<1,4.0577970445156097E-2,97.057815261562951,>99,97.057815261562951,98.970008344344407,1.2499858625233173E-2,>99,<1
Portugal,PRT,2021,Europe and Northern America,High income,10390.956,97.928897643623884,<1,2.0711023563761159,<1,-7.1346215903759003E-2,91.004514228892731,92.943296413071806,91.004514228892731,95.867494348225605,5.3203321993350983E-2,95.840979652759813,2.0879179908640708,>99,<1,<1,<1,4.0577970445156097E-2,97.044782805663331,>99,97.044782805663331,>99,1.2499858625233173E-2,>99,<1
Portugal,PRT,2022,Europe and Northern America,High income,10417.073,97.854449419445871,<1,2.1455505805541288,<1,-7.1346215903759003E-2,91.124039602433726,92.651181454066958,91.124039602433726,95.794613259166539,5.3203321993350983E-2,95.637864907850997,2.2165845115948741,>99,<1,<1,<1,4.0577970445156097E-2,97.031704414388287,>99,97.031704414388287,>99,1.2499858625233173E-2,>99,<1
Portugal,PRT,2023,Europe and Northern America,High income,10430.738,97.780001195267886,<1,2.2199988047321142,<1,-7.1346215903759003E-2,91.243277833455181,92.359403466449876,91.243277833455181,95.721732170107501,5.3203321993350983E-2,95.434750162942237,2.345251032325649,>99,<1,<1,<1,4.0577970445156097E-2,97.018580087737888,>99,97.018580087737888,>99,1.2499858625233173E-2,>99,<1
Portugal,PRT,2024,Europe and Northern America,High income,10425.292,97.780001195267886,<1,2.2199988047321142,<1,-7.1346215903759003E-2,91.431843754413762,92.359403466449876,91.431843754413762,95.721732170107501,5.3203321993350983E-2,95.434750162942237,2.345251032325649,>99,<1,<1,<1,4.0577970445156097E-2,96.96434612914905,>99,96.96434612914905,>99,1.2499858625233173E-2,>99,<1
Sao Tome and Principe,STP,2000,Sub-Saharan Africa,Lower middle income,144.018,62.305069970213303,10.473129952135601,10.458502714620179,16.763297363030919,0.46037158370018005,18.567109077406439,18.567109077406439,58.587443486581769,45.062922273039867,0.24945782124996185,63.719309521321968,9.0588904010269289,75.189987341013975,13.725917690940051,6.5312940408383611,4.5528009272076133,0.17255961894989014,32.381483137432291,32.381483137432291,82.504818781120392,77.83911724669332,0.32990530133247375,84.681515804752962,4.2343892272010626
Sao Tome and Principe,STP,2001,Sub-Saharan Africa,Lower middle income,146.375,62.791495389052571,10.837716570492701,10.127040938265511,16.243747102189221,0.46037158370018005,18.81342418138664,18.81342418138664,59.272519782627008,45.58985326785038,0.24945782124996185,64.806479292968106,8.822732666577167,75.397986068008237,14.02733680185881,6.2352602097649878,4.3394169203679667,0.17255961894989014,32.732274645694453,32.732274645694453,82.977506163493416,78.285073848030478,0.32990530133247375,85.341587112678326,4.0837357571887196
Sao Tome and Principe,STP,2002,Sub-Saharan Africa,Lower middle income,149.922,63.272323880519501,11.207900116222371,9.7955791619106094,15.724196841347521,0.46037158370018005,19.060414408230891,19.060414408230891,59.957596078672438,46.116784262661028,0.24945782124996185,65.893649064614692,8.5865749321271778,75.603446624967873,14.331294082812081,5.9392263786917283,4.12603291352832,0.17255961894989014,33.084949112838927,33.084949112838927,83.450193545866355,78.731030449367552,0.32990530133247375,86.001658420603462,3.933082287176489
Sao Tome and Principe,STP,2003,Sub-Saharan Africa,Lower middle income,153.814,63.747555444613532,11.583680589324709,9.4641173855557099,15.204646580506051,0.46037158370018005,19.308079757939051,19.308079757939051,60.642672374717677,46.643715257471527,0.24945782124996185,66.980818836261278,8.3504171976769612,75.806369011892997,14.637789533799859,5.6431925476185256,3.912648906688617,0.17255961894989014,33.439506538865771,33.439506538865771,83.92288092823928,79.176987050704625,0.32990530133247375,86.661729728528599,3.7824288171642588
Sao Tome and Principe,STP,2004,Sub-Saharan Africa,Lower middle income,157.705,64.217190081335033,11.965057989799581,9.1326556092010378,14.68509631966435,0.46037158370018005,19.556420230511179,19.556420230511179,61.327748670762922,47.17064625228204,0.24945782124996185,68.067988607907409,8.1142594632271994,76.006753228783609,14.946823154822161,5.3471587165452661,3.6992648998489699,0.17255961894989014,33.795946923775027,33.795946923775027,84.395568310612219,79.622943652041684,0.32990530133247375,87.321801036453735,3.6317753471520291
Sao Tome and Principe,STP,2005,Sub-Saharan Africa,Lower middle income,161.639,64.681227790683835,12.35203231764714,8.8011938328463657,14.16554605882266,0.46037158370018005,19.805435825947288,19.805435825947288,62.012824966808182,47.697577247092553,0.24945782124996185,69.155158379553995,7.8781017287769828,76.204599275639708,15.25839494587896,5.0511248854720074,3.4858808930093228,0.17255961894989014,34.154270267566602,34.154270267566602,84.868255692985144,80.068900253378757,0.32990530133247375,87.981872344379099,3.481121877139572
Sao Tome and Principe,STP,2006,Sub-Saharan Africa,Lower middle income,165.638,65.139668572660284,12.744603572867289,8.4697320564914662,13.645995797980961,0.46037158370018005,20.05512654424744,20.05512654424744,62.697901262853613,48.224508241903202,0.24945782124996185,70.242328151200127,7.6419439943274483,76.399907152461338,15.57250490697024,4.755091054398747,3.272496886169677,0.17255961894989014,34.514476570240539,34.514476570240539,85.340943075358084,80.514856854715831,0.32990530133247375,88.641943652304235,3.3304684071273409
Sao Tome and Principe,STP,2007,Sub-Saharan Africa,Lower middle income,169.7,65.592512427263841,13.1427717554601,8.1382702801367941,13.12644553713926,0.46037158370018005,20.30549238541149,20.30549238541149,63.382977558898837,48.751439236713701,0.24945782124996185,71.329497922846713,7.4057862598772317,76.592676859248414,15.889153038096071,4.4590572233254866,3.05911287933003,0.17255961894989014,34.876565831796853,34.876565831796853,85.813630457731009,80.96081345605289,0.32990530133247375,89.302014960229371,3.1798149371151112
Sao Tome and Principe,STP,2008,Sub-Saharan Africa,Lower middle income,173.793,66.039759354494876,13.546536865425439,7.806808503782122,12.606895276297561,0.46037158370018005,20.556533349439551,20.556533349439551,64.068053854944097,49.278370231524207,0.24945782124996185,72.416667694492844,7.1696285254274699,76.782908396001062,16.20833933925644,4.1630233922521143,2.8457288724903829,0.17255961894989014,35.240538052235557,35.240538052235557,86.286317840104047,81.406770057390062,0.32990530133247375,89.962086268154508,3.0291614671029952
Sao Tome and Principe,STP,2009,Sub-Saharan Africa,Lower middle income,177.853,66.48140935435319,13.95589890276349,7.4753467274272234,12.087345015456091,0.46037158370018005,20.808249436331561,20.808249436331561,64.753130150989335,49.80530122633472,0.24945782124996185,73.50383746613943,6.9334707909772533,76.970601762719099,16.53006381045131,3.8669895611788552,2.6323448656507371,0.17255961894989014,35.606393231556588,35.606393231556588,86.759005222476972,81.852726658727136,0.32990530133247375,90.622157576079871,2.8785079970905372
Sao Tome and Principe,STP,2010,Sub-Saharan Africa,Lower middle income,181.802,66.917462426839165,14.370857867474109,7.143884951072323,11.5677947546144,0.46037158370018005,21.060640646087609,21.060640646087609,65.438206447034759,50.332232221145368,0.24945782124996185,74.591007237785561,6.6973130565277188,77.155756959402623,16.854326451680691,3.5709557301055952,2.41896085881109,0.17255961894989014,35.974131369760038,35.974131369760038,87.231692604849911,82.298683260064195,0.32990530133247375,91.282228884005008,2.727854527078307
Sao Tome and Principe,STP,2011,Sub-Saharan Africa,Lower middle income,185.649,67.347918571952249,14.7914137595574,6.8124231747176509,11.0482444937727,0.46037158370018005,21.313706978707579,21.313706978707579,66.123282743080011,50.859163215955867,0.24945782124996185,75.678177009432147,6.4611553220775022,77.338373986051622,17.181127262944599,3.2749218990323929,2.205576851971387,0.17255961894989014,36.3437524668458,36.3437524668458,87.704379987222836,82.744639861401268,0.32990530133247375,91.942300191930144,2.5772010570660768
Sao Tome and Principe,STP,2012,Sub-Saharan Africa,Lower middle income,189.439,67.772777789692796,15.217566579013219,6.4809613983629788,10.528694232931,0.46037158370018005,21.567448434191519,21.567448434191519,66.80835903912525,51.38609421076638,0.24945782124996185,76.765346781078733,6.2249975876272856,77.518452842666122,17.510466244243009,2.978888067959133,1.9921928451317401,0.17255961894989014,36.715256522813931,36.715256522813931,88.177067369595775,83.190596462738341,0.32990530133247375,92.60237149985528,2.4265475870538471
Sao Tome and Principe,STP,2013,Sub-Saharan Africa,Lower middle income,193.148,68.192040080060636,15.649316325841751,6.1494996220083067,10.0091439720893,0.46037158370018005,21.82186501253944,21.82186501253944,67.493435335170503,51.913025205576893,0.24945782124996185,77.852516552724865,5.9888398531775238,77.695993529246095,17.842343395575941,2.682854236885873,1.778808838292093,0.17255961894989014,37.088643537664417,37.088643537664417,88.6497547519687,83.6365530640754,0.32990530133247375,93.262442807780644,2.2758941170413891
Sao Tome and Principe,STP,2014,Sub-Saharan Africa,Lower middle income,196.767,68.605705443056138,16.086663000042851,5.8180378456531798,9.489593711247835,0.46037158370018005,22.0769567137514,22.0769567137514,66.610820659308573,52.439956200387542,0.24945782124996185,78.939686324371451,5.7526821187275354,77.870996045791557,18.176758716943379,2.3868204058126139,1.565424831452447,0.17255961894989014,37.46391351139728,37.46391351139728,85.743476551019199,84.082509665412474,0.32990530133247375,93.922514115705781,2.1252406470291589
Sao Tome and Principe,STP,2015,Sub-Saharan Africa,Lower middle income,200.291,69.013773878678734,16.529606601616621,5.4865760692985077,8.9700434504061377,0.46037158370018005,22.33272353782727,22.33272353782727,65.696700809787828,52.966887195198041,0.24945782124996185,80.026856096017582,5.5165243842777727,78.043460392302507,18.513712208345339,2.0907865747393539,1.3520408246128,0.17255961894989014,37.841066444012498,37.841066444012498,82.801355651900806,84.528466266749533,0.32990530133247375,94.582585423630917,1.974587177016929
Sao Tome and Principe,STP,2016,Sub-Saharan Africa,Lower middle income,203.689,69.416245386928821,16.978147130562899,5.1551142929438356,8.4504931895644404,0.46037158370018005,22.589165484767118,22.589165484767118,64.751075786608055,53.493818190008547,0.24945782124996185,81.114025867664168,5.2803666498275561,78.21338656877893,18.853203869781819,1.7947527436660951,1.1386568177731531,0.17255961894989014,38.220102335510141,38.220102335510141,79.823392054615255,84.974422868086606,0.32990530133247375,95.242656731556281,1.823933707004471
Sao Tome and Principe,STP,2017,Sub-Saharan Africa,Lower middle income,206.97,69.813119967806173,17.43228458688192,4.8236525165891626,7.9309429287227431,0.46037158370018005,22.846282554570941,22.846282554570941,63.773945589769262,54.02074918481906,0.24945782124996185,82.201195639310299,5.0442089153777943,78.380774575221039,19.19523370125285,1.4987189125926079,<1,0.17255961894989014,38.601021185890183,38.601021185890183,76.809585759161877,85.420379469423864,0.32990530133247375,95.902728039481417,1.673280236992468
Sao Tome and Principe,STP,2018,Sub-Saharan Africa,Lower middle income,210.187,70.204397621311202,17.892018970573488,4.492190740234264,7.4113926678810458,0.46037158370018005,23.104074747238801,23.104074747238801,62.765310219271612,54.547680179629708,0.24945782124996185,83.288365410956885,4.808051180927805,78.545624411628438,19.53980170275835,1.2026850815193479,<1,0.17255961894989014,38.983822995152487,38.983822995152487,73.759936765539393,85.866336070760937,0.32990530133247375,96.562799347406553,1.522626766980238
Sao Tome and Principe,STP,2019,Sub-Saharan Africa,Lower middle income,213.392,70.590078347443324,18.357350281637739,4.1607289638793654,6.8918424070395758,0.46037158370018005,23.362542062770569,23.362542062770569,61.725169675114373,55.074611174440207,0.24945782124996185,84.375535182603471,4.5718934464775884,78.707936078001325,19.88690787429837,<1,<1,0.17255961894989014,39.368507763297167,39.368507763297167,70.674445073749794,86.31229267209801,0.32990530133247375,97.22287065533169,1.3719732969680081
Sao Tome and Principe,STP,2020,Sub-Saharan Africa,Lower middle income,217.435,70.970162146202924,18.828278520074509,3.829267187524692,6.3722921461978794,0.46037158370018005,23.621684501166339,23.621684501166339,60.653523957298503,55.60154216925072,0.24945782124996185,85.462704954249602,4.3357357120278266,78.867709574339699,20.236552215872901,<1,<1,0.17255961894989014,39.755075490324217,39.755075490324217,67.55311068379126,86.758249273435069,0.32990530133247375,97.882941963257053,1.221319826955551
Sao Tome and Principe,STP,2021,Sub-Saharan Africa,Lower middle income,221.961,71.344649017589816,19.304803685883979,3.4978054111700199,5.8527418853561812,0.46037158370018005,23.881502062426058,23.881502062426058,59.550373065823607,56.128473164061234,0.24945782124996185,86.549874725896188,4.09957797757761,79.024944900643547,20.58873472748196,<1,<1,0.17255961894989014,40.143526176233628,40.143526176233628,64.395933595665625,87.204205874772143,0.32990530133247375,98.54301327118219,1.0706663569433199
Sao Tome and Principe,STP,2022,Sub-Saharan Africa,Lower middle income,226.305,72.014428627866593,19.486036112803799,3.1663436348151208,5.3331916245144839,0.46037158370018005,24.105700280014212,24.105700280014212,58.415717000689831,56.655404158871882,0.24945782124996185,87.63704449754232,3.863420243128076,79.331418330952999,20.668581669047001,<1,<1,0.17255961894989014,40.299210235076259,40.299210235076259,61.12766720000036,87.542400000000001,0.32990530133247375,>99,<1
Sao Tome and Principe,STP,2023,Sub-Saharan Africa,Lower middle income,230.871,72.684208238143185,19.66726853972358,2.8348818584604492,4.8136413636727866,0.46037158370018005,24.329898497602301,24.329898497602301,57.249555761896893,57.182335153682388,0.24945782124996185,88.724214269188906,3.6272625086778589,79.331418330952999,20.668581669047001,<1,<1,0.17255961894989014,40.299210235076259,40.299210235076259,57.609661399999823,87.542400000000001,0.32990530133247375,>99,<1
Sao Tome and Principe,STP,2024,Sub-Saharan Africa,Lower middle income,235.536,73.353987848419777,19.84850096664336,2.503420082105777,4.2940911028310893,0.46037158370018005,24.554096715190379,24.554096715190379,56.051889349444501,57.709266148492887,0.24945782124996185,89.811384040835037,3.3911047742280971,79.331418330952999,20.668581669047001,<1,<1,0.17255961894989014,40.299210235076259,40.299210235076259,54.091655600000188,87.542400000000001,0.32990530133247375,>99,<1
Timor-Leste,TLS,2002,Eastern and South-Eastern Asia,Lower middle income,879.159,41.477734975603653,4.5585946597548244,45.921780567492867,8.0418897971486558,-,-,21.891140224609671,-,-,-,30.036684351659009,15.99964528369946,74.065945750947222,1.6978170886464881,21.826803789100349,2.409433371305937,-,-,61.784792994760998,42.770803390191567,-,-,47.362655806331531,28.401107033262178
Timor-Leste,TLS,2003,Eastern and South-Eastern Asia,Lower middle income,916.878,43.191353210657233,4.7469292190013306,44.055585523398683,8.006132046942767,-,-,22.795554535011881,-,-,-,31.807216695873649,16.131065733784911,75.229814044288418,1.7244964951852639,20.739591082055771,2.3060983784705509,-,-,62.755675913329981,43.442901497383268,-,-,48.96594472913057,27.988365810343112
Timor-Leste,TLS,2004,Eastern and South-Eastern Asia,Lower middle income,929.074,44.9049714457108,4.9352637782478439,42.189390479304478,7.9703742967368783,-,-,23.69996884541408,-,-,-,33.577749040087838,16.262486183870809,76.393682337629613,1.7511759017240389,19.65237837501115,2.202763385635194,-,-,63.726558831898963,44.114999604574948,-,-,50.569233651929153,27.5756245874245
Timor-Leste,TLS,2005,Eastern and South-Eastern Asia,Lower middle income,948.311,46.61858968076438,5.1235983374943501,40.32319543521028,7.9346165465309886,-,-,24.60438315581629,-,-,-,35.348281384302481,16.393906633956249,77.557550630970809,1.777855308262815,18.565165667966539,2.0994283927998372,-,-,64.697441750467945,44.787097711766648,-,-,52.172522574727743,27.162883364505891
Timor-Leste,TLS,2006,Eastern and South-Eastern Asia,Lower middle income,976.597,48.33220791581796,5.3119328967408563,38.457000391116082,7.8988587963251007,-,-,25.5087974662185,-,-,-,37.118813728517132,16.525327084041692,78.72141892431199,1.8045347148016051,17.477952960921929,1.996093399964479,-,-,65.66832466903692,45.459195818958342,-,-,53.77581149752632,26.750142141587279
Timor-Leste,TLS,2007,Eastern and South-Eastern Asia,Lower middle income,1004.889,50.045826150871541,5.5002674559873634,36.590805347021877,7.8631010461192119,-,-,26.413211776620699,-,-,-,38.889346072731307,16.656747534127589,79.885287217653186,1.831214121340381,16.390740253877311,1.8927584071291219,-,-,66.639207587605895,46.131293926150029,-,-,55.379100420324903,26.33740091866866
Timor-Leste,TLS,2008,Eastern and South-Eastern Asia,Lower middle income,1032.429,51.759444385925121,5.6886020152338688,34.724610302927701,7.8273432959133089,-,-,27.317626087022909,-,-,-,40.659878416945958,16.788167984213029,81.049155510994382,1.857893527879156,15.303527546832729,1.789423414293736,-,-,67.610090506174885,46.803392033341723,-,-,56.982389343123486,25.924659695750051
Timor-Leste,TLS,2009,Eastern and South-Eastern Asia,Lower middle income,1058.782,53.603844485242668,5.746154710216409,32.858415258833503,7.7915855457074201,-,-,30.105844981888669,-,-,-,42.430410761160147,16.91958843429893,82.208046391564125,1.8895503471898389,14.21631483978766,1.6860884214583789,-,-,69.653526141018119,47.475490140533672,-,-,58.58567826592207,25.511918472831891
Timor-Leste,TLS,2010,Eastern and South-Eastern Asia,Lower middle income,1084.679,55.456626755935197,5.7953252338239594,30.992220214739309,7.7558277955015313,-,-,33.014802122479971,-,-,-,44.20094310537479,17.05100888438437,83.366796344269687,1.921348094364248,13.129102132743039,1.582753428623022,-,-,71.727329472891071,48.147588247725359,-,-,60.188967188720653,25.099177249913279
Timor-Leste,TLS,2011,Eastern and South-Eastern Asia,Lower middle income,1110.207,57.317791198002759,5.8361135860564914,29.126025170645111,7.7200700452956426,-,-,36.044497508796219,-,-,-,45.971475449589427,17.18242933446982,84.525405369111525,1.9532867694023821,12.041889425698431,1.479418435787665,-,-,73.831500501794068,48.819686354917053,-,-,61.792256111519237,24.68643602699467
Timor-Leste,TLS,2012,Eastern and South-Eastern Asia,Lower middle income,1134.885,59.187337811445254,5.8685197669140896,27.259830126550909,7.6843122950897538,-,-,39.194931140838563,-,-,-,47.742007793803623,17.31384978455571,85.683873466089608,1.98536637230427,10.954676718653809,1.376083442952307,-,-,75.966039227727165,49.491784462108733,-,-,63.39554503431782,24.273694804076062
Timor-Leste,TLS,2013,Eastern and South-Eastern Asia,Lower middle income,1158.695,61.065266596262717,5.8925437763966997,25.393635082456711,7.648554544883865,-,-,42.466103018606439,-,-,-,49.512540138018267,17.445270234641161,86.842200635203966,2.017586903069883,9.8674640116092291,1.2727484501169219,-,-,78.130945650690322,50.163882569300434,-,-,64.998833957116858,23.860953581156991
Timor-Leste,TLS,2014,Eastern and South-Eastern Asia,Lower middle income,1181.903,62.951577552455177,5.9081856145043261,23.52744003836251,7.6127967946779762,-,-,45.858013142099217,-,-,-,51.283072482232463,17.576690684727051,88.000386876454584,2.049948361699236,8.7802513045646151,1.169413457281564,-,-,80.326219770683153,50.83598067649212,-,-,66.602122879915441,23.448212358238379
Timor-Leste,TLS,2015,Eastern and South-Eastern Asia,Lower middle income,1205.131,64.846270680022613,5.915445281236984,21.661244994268319,7.5770390444720874,-,-,49.370661511318147,-,-,-,53.053604826447099,17.708111134812501,89.158432189841449,2.0824507481923429,7.6930385975200011,1.0660784644462069,-,-,82.551861587706455,51.508078783683807,-,-,68.205411802714025,23.035471135319771
Timor-Leste,TLS,2016,Eastern and South-Eastern Asia,Lower middle income,1228.312,66.749345978965081,5.9143227765946023,19.795049950174121,7.5412812942661986,-,-,53.004048126262617,-,-,-,54.824137170661743,17.839531584897941,90.316336575364602,2.115094062549161,6.605825890475387,<1,-,-,84.807871101759815,52.180176890875487,-,-,69.808700725512608,22.622729912401159
Timor-Leste,TLS,2017,Eastern and South-Eastern Asia,Lower middle income,1251.703,68.660803449282483,5.9048181005772884,17.92885490607992,7.5055235440603099,-,-,56.758172986932607,-,-,-,56.594669514875932,17.970952034983839,91.474100033024001,2.147878304769733,5.518613183430773,<1,-,-,87.094248312843263,52.852274998067188,-,-,71.411989648311192,22.20998868948254
Timor-Leste,TLS,2018,Eastern and South-Eastern Asia,Lower middle income,1275.959,70.580643090974846,5.8869312531850113,16.062659861985718,7.4697657938544211,-,-,60.633036093327448,-,-,-,58.365201859090583,18.102372485069282,92.631722562819675,2.1808034748540308,4.4314004763861874,<1,-,-,89.410993220956797,53.524373105258881,-,-,73.015278571109775,21.797247466563931
Timor-Leste,TLS,2019,Eastern and South-Eastern Asia,Lower middle income,1300.945,72.508864904042213,5.860662234417731,14.19646481789152,7.4340080436485323,-,-,62.141141632357268,-,-,-,60.135734203304757,18.233792935155179,93.789204164751581,2.2138695728020958,3.3441877693415729,<1,-,-,90.533714624676136,54.196471212450568,-,-,74.618567493908358,21.384506243645319
Timor-Leste,TLS,2020,Eastern and South-Eastern Asia,Lower middle income,1326.053,74.445468888484598,5.8260110442754316,12.33026977379734,7.3982502934426293,-,-,63.649247171387081,-,-,-,61.906266547519408,18.365213385240619,94.946544838819776,2.247076598613873,2.2569750622969589,<1,-,-,91.65643602839549,54.868569319642262,-,-,76.221856416706942,20.971765020726711
Timor-Leste,TLS,2021,Eastern and South-Eastern Asia,Lower middle income,1350.139,76.390455044301916,5.7829776827582009,10.464074729703141,7.3624925432367414,-,-,65.157352710416902,-,-,-,63.676798891734052,18.496633835326069,96.103744585024231,2.2804245522893889,1.1697623552523451,<1,-,-,92.779157432114815,55.540667426833949,-,-,77.825145339505525,20.559023797808091
Timor-Leste,TLS,2022,Eastern and South-Eastern Asia,Lower middle income,1369.295,78.34382337149421,5.7315621498659937,8.5978796856089446,7.3267347930308517,-,-,66.665458249446729,-,-,-,65.447331235948241,18.62805428541196,97.260803403364946,2.3139134338286449,<1,<1,-,-,93.901878835834168,56.212765534025642,-,-,79.428434262304108,20.146282574889479
Timor-Leste,TLS,2023,Eastern and South-Eastern Asia,Lower middle income,1384.286,80.305573870061494,5.6717644455987974,6.7316846415147467,7.290977042824963,-,-,68.173563788476542,-,-,-,67.217863580162884,18.75947473549741,97.670285237659527,2.329714762340473,<1,<1,-,-,94.302933333333385,56.452849999999998,-,-,81.031723185103147,18.96827681489685
Timor-Leste,TLS,2024,Eastern and South-Eastern Asia,Lower middle income,1400.638,82.275706540003753,5.6035845699566238,4.8654895974205488,7.2552192926190742,-,-,69.68166932750637,-,-,-,68.988395924377528,18.890895185582849,97.664366622901298,2.3356333770987021,<1,<1,-,-,94.302933333333385,56.452849999999998,-,-,82.63501210790173,17.36498789209827
